nameFirst,nameLast,birthYear,birthCountry,deathYear,deathCountry
Ed,White,1926,USA,1982,USA
Sparky,Adams,1894,USA,1989,USA
Bob,Johnson,1959,USA,,
Johnny,Ryan,1853,USA,1902,USA
Jose,Alvarez,1956,USA,,
Andrew,Brown,1981,USA,,
Chris,Johnson,1984,USA,,
Johnny,Johnson,1914,USA,1991,USA
Albert,Williams,1954,Nicaragua,,
Ed,Brown,,USA,,
Brady,Clark,1973,USA,,
Jimmie,Keenan,1899,USA,1980,USA
John,Glenn,1850,USA,1888,USA
Tomas,Perez,1973,Venezuela,,
Carlos,Hernandez,1997,Venezuela,,
Joe,Holden,1913,USA,1996,USA
Fred,Johnston,1899,USA,1959,USA
Jose,Lopez,1983,Venezuela,,
Mike,Mahoney,1873,USA,1940,USA
Gene,Wright,1878,USA,1930,USA
Bill,Schwartz,1884,USA,1961,USA
John,McCloskey,1882,USA,1919,USA
John,Barfield,1964,USA,2016,USA
Chris,Smith,1988,USA,,
Hob,Hiller,1893,USA,1956,USA
Felix,Martinez,1974,D.R.,,
Leo,Garcia,1962,D.R.,,
Tom,Brown,1949,USA,,
Edgar,Ramos,1975,Venezuela,,
Maikel,Franco,1992,D.R.,,
John,Johnstone,1968,USA,,
John,Fitzgerald,1866,USA,1892,USA
Walter,Clarkson,1878,USA,1946,USA
Charlie,Carr,1876,USA,1932,USA
John,Farrell,1876,USA,1921,USA
Don,Wallace,1940,USA,,
John,Russell,1961,USA,,
George,Burns,1889,USA,1966,USA
Chick,Fulmer,1851,USA,1940,USA
Chris,Carter,1982,USA,,
Cory,Rasmus,1987,USA,,
Harry,Taylor,1907,USA,1969,USA
John,Curtiss,1993,USA,,
Denny,Sullivan,1882,USA,1956,USA
Sam,Bowen,1952,USA,,
Edward,Paredes,1986,D.R.,,
Max,West,1916,USA,2003,USA
James,McDonald,1984,USA,,
Joe,Stewart,1879,USA,1913,USA
Jim,Keenan,1856,USA,1926,USA
Michael,Perez,1992,P.R.,,
Brooks,Robinson,1937,USA,,
Bob,Powell,1933,USA,2014,USA
Joe,Evers,1891,USA,1949,USA
Jeff,Doyle,1956,USA,,
John,O'Donoghue,1969,USA,,
Junior,Fernandez,1997,D.R.,,
Joey,Butler,1986,USA,,
Dave,Johnson,1948,USA,,
Jose,Rodriguez,1995,Venezuela,,
Josh,Willingham,1979,USA,,
Eric,Young,1967,USA,,
Joe,Cassidy,1883,USA,1906,USA
Ed,Murray,1895,USA,1970,USA
Hugh,Hill,1879,USA,1958,USA
Wiley,Davis,1875,USA,1942,USA
Dan,Schneider,1942,USA,,
Bill,DeLancey,1911,USA,1946,USA
Hank,Greenberg,1911,USA,1986,USA
Dots,Miller,1886,USA,1923,USA
Roy,Smith,1976,USA,,
Bill,Sullivan,1853,Ireland,1884,USA
John,Romano,1934,USA,2019,USA
Frank,Barnes,1926,USA,2014,USA
Anthony,Chavez,1970,USA,,
Jack,Tobin,1892,USA,1969,USA
Jack,White,1878,USA,1963,USA
Mickey,Welch,1859,USA,1941,USA
Jim,Anderson,1957,USA,,
George,Smith,1937,USA,1987,USA
Hal,Kelleher,1914,USA,1989,USA
Dale,Murphy,1956,USA,,
Michael,Young,1976,USA,,
Al,Williamson,1900,USA,1978,USA
Billy,Smith,1861,USA,1928,USA
John,Kane,1882,USA,1934,USA
John,Butler,1879,USA,1950,USA
Jim,Bagby,1889,USA,1954,USA
Wib,Smith,1886,USA,1959,USA
Pedro,Hernandez,1989,Venezuela,,
Phil,Clark,1932,USA,2018,USA
John,Riddle,1864,USA,1931,USA
Mark,Lee,1953,USA,,
Mike,Stanton,1967,USA,,
Stan,Yerkes,1874,USA,1940,USA
Tony,Pena,1982,D.R.,,
Joe,Wood,1916,USA,2002,USA
Dale,Long,1926,USA,1991,USA
Ramon,Hernandez,1940,P.R.,2009,P.R.
Charlie,Householder,1854,USA,1913,USA
Bill,Moore,1901,USA,1972,USA
Rookie,Davis,1993,USA,,
Rich,Rodriguez,1963,USA,,
Matt,Duffy,1989,USA,,
Deion,Sanders,1967,USA,,
Jacke,Davis,1936,USA,2021,USA
Mike,Marshall,1943,USA,2021,USA
Joe,Berry,1894,USA,1976,USA
Bill,Sweeney,1886,USA,1948,USA
Matt,Duffy,1991,USA,,
Roy,Wright,1933,USA,2018,USA
Antonio,Santos,1996,D.R.,,
Webb,Schultz,1898,USA,1986,USA
Brandon,Snyder,1986,USA,,
Brett,Campbell,1981,USA,,
Jorge,De Paula,1978,D.R.,,
Miguel,Diaz,1994,D.R.,,
Bill,Gilbert,1868,USA,1927,USA
Tom,Martin,1970,USA,,
Bobby,Jones,1972,USA,,
Bill,Kelly,,USA,,
Pat,Gillick,1937,USA,,
Jim,Callahan,1881,USA,1968,USA
Dixie,Walker,1910,USA,1982,USA
Bruce,Cunningham,1905,USA,1984,USA
Jeff,Jones,1957,USA,,
David,Wright,1982,USA,,
Terry,Turner,1881,USA,1960,USA
Carson,Smith,1989,USA,,
John,Kane,1900,USA,1956,USA
Tom,Burns,1857,USA,1902,USA
Jimmy,Brown,1910,USA,1977,USA
Mark,Smith,1970,USA,,
Yonny,Hernandez,1998,Venezuela,,
John,Coleman,1863,USA,1922,USA
Luis,de los Santos,1977,D.R.,,
Fred,Frank,1873,USA,1950,USA
Jeremy,Brown,1979,USA,,
George,Bradley,1852,USA,1931,USA
Doc,Johnston,1887,USA,1961,USA
Mike,Griffin,1957,USA,,
Alejandro,Sanchez,1959,D.R.,,
Larry,Andersen,1953,USA,,
Roberto,Rodriguez,1941,Venezuela,2012,Venezuela
Lance,McCullers,1964,USA,,
Earl,Smith,1891,USA,1943,USA
Gene,Derby,1860,USA,1917,USA
Lew,Krausse,1912,USA,1988,USA
Dewey,Williams,1916,USA,2000,USA
Ricky,Adams,1959,USA,2011,USA
Jeremy,Moore,1987,USA,,
Jack,Farrell,1857,USA,1914,USA
Ed,Donnelly,1932,USA,1992,USA
Mark,Stewart,1889,USA,1932,USA
Mark,Leiter,1991,USA,,
Bart,Johnson,1950,USA,2020,USA
George,Scott,1944,USA,2013,USA
Mark,Corey,1955,USA,,
Earl,Williams,1948,USA,2013,USA
Chili,Davis,1960,Jamaica,,
Ramon,Ramirez,1982,Venezuela,,
Jim,Archer,1932,USA,2019,USA
Harry,Davis,1908,USA,1997,USA
Frank,Thomas,1968,USA,,
Craig,Wilson,1970,USA,,
Joe,Nelson,1974,USA,,
Dave,Robertson,1889,USA,1970,USA
Tom,Foley,1847,USA,1896,USA
John,Wilson,1903,USA,1980,USA
Jack,Smith,1893,USA,1962,USA
Brian,Giles,1971,USA,,
John,Humphries,1861,CAN,1933,USA
Derrek,Lee,1975,USA,,
Eli,White,1994,USA,,
Don,White,1919,USA,1987,USA
Marcus,Lawton,1965,USA,,
Jim,Williams,1947,USA,,
Steve,Dunn,1858,CAN,1933,CAN
Mike,Anderson,1966,USA,,
John Henry,Johnson,1956,USA,,
Timothy,Jones,1954,USA,,
Doc,Marshall,1906,USA,1999,USA
Sheldon,Jones,1922,USA,1991,USA
Josh,Harrison,1987,USA,,
Eddy,Rodriguez,1985,Cuba,,
Tom,Smith,1871,USA,1929,USA
Ron,Wright,1976,USA,,
Luis,Perdomo,1993,D.R.,,
Matt,Clark,1986,USA,,
Alf,Anderson,1914,USA,1985,USA
Chris,Green,1960,USA,,
Billy,Sullivan,1910,USA,1994,USA
Allan,Ramirez,1957,USA,,
Jon,Singleton,1991,USA,,
Eduardo,Nunez,1987,D.R.,,
Jarrod,Parker,1988,USA,,
Charlie,Beamon,1953,USA,,
Bill,Hollahan,1896,USA,1965,USA
Ivan,De Jesus,1987,P.R.,,
Skipper,Roberts,1888,USA,1963,USA
Robert,Brown,,,,
Fritz,Brickell,1935,USA,1965,USA
Wid,Matthews,1896,USA,1965,USA
Ramon,Hernandez,1976,Venezuela,,
Darren,Ford,1985,USA,,
Frank,Cross,1873,USA,1932,USA
Rodney,Scott,1953,USA,,
Jackie,Bradley,1990,USA,,
Hal,Morris,1965,USA,,
Kevan,Smith,1988,USA,,
Sandy,Alomar,1966,P.R.,,
Bill,Piercy,1896,USA,1951,USA
Mark,Salas,1961,USA,,
Roy,Foster,1945,USA,2008,USA
Jack,Burns,1907,USA,1975,USA
Jim,Price,1847,USA,1925,USA
Daniel,Wright,1991,USA,,
Brian,Anderson,1993,USA,,
Jose,Herrera,1942,Venezuela,2009,Venezuela
Fred,Demarais,1866,CAN,1919,USA
Deacon,McGuire,1863,USA,1936,USA
Joseph,Quinn,1856,USA,,
Tom,Connolly,1892,USA,1966,USA
Will,Smith,1989,USA,,
Eddy,Rodriguez,1981,D.R.,,
Jimmy,Cooney,1865,USA,1903,USA
Stan,Spencer,1969,USA,,
Juan,Francisco,1987,D.R.,,
Buddy,Harris,1948,USA,,
John,Hicks,1989,USA,,
Jimmie,Long,1898,USA,1970,USA
John,McCloskey,1862,USA,1940,USA
Jared,Wells,1981,USA,,
Dib,Williams,1910,USA,1992,USA
Joe,Campbell,1944,USA,,
Mike,Heath,1955,USA,,
Mike,Jacobs,1876,USA,1949,USA
John,O'Neill,1880,CAN,1920,USA
Danny,Thompson,1947,USA,1976,USA
Ernie,Johnson,1924,USA,2011,USA
Wilfredo,Rodriguez,1979,Venezuela,,
Joe,Walsh,1886,USA,1967,USA
Pat,Larkin,1960,USA,,
Davey,Johnson,1943,USA,,
Joe,Miller,1850,Germany,1891,USA
Terry,Cox,1949,USA,,
Fritzie,Connally,1958,USA,,
Jo-Jo,Moore,1908,USA,2001,USA
Jim,Devlin,1922,USA,2004,USA
John,Walsh,1879,USA,1947,USA
John,Jenkins,1896,USA,1968,USA
Chris,Gomez,1971,USA,,
Roy,Howell,1953,USA,,
Ben,Taylor,1927,USA,1999,USA
Josh,Reilly,1868,USA,1938,USA
Francis,Healy,1910,USA,1997,USA
Hank,Erickson,1907,USA,1964,USA
John,O'Brien,1866,CAN,1913,USA
Jarvis,Brown,1967,USA,,
Tim,Corcoran,1953,USA,,
Josh,Taylor,1993,USA,,
Bob,Adams,1952,USA,,
Miguel,Garcia,1967,Venezuela,,
Homer,Bailey,1986,USA,,
Garrett,Jones,1981,USA,,
Miguel,Fuentes,1946,P.R.,1970,P.R.
John,Sullivan,1894,USA,1958,USA
Chuck,Harrison,1941,USA,,
Bill,Miller,1910,USA,1982,USA
Bob,Barr,1856,USA,1930,USA
Mike,Edwards,1952,USA,,
Daniel,Lynch,1996,USA,,
Jeff,Johnson,1966,USA,,
Heinie,Wagner,1880,USA,1943,USA
Tom,Glavine,1966,USA,,
Rocky,Stone,1918,USA,1986,USA
Steve,Johnson,1987,USA,,
Johnny,Hudson,1912,USA,1970,USA
Rudy,Hernandez,1951,Mexico,,
Bob,Johnson,1905,USA,1982,USA
Bob,Miller,1926,USA,2020,USA
Delmon,Young,1985,USA,,
Tom,Smith,1851,CAN,1889,USA
Dan,Sweeney,1868,USA,1913,USA
Walter,Hackett,1857,USA,1920,USA
Glenn,Liebhardt,1910,USA,1992,USA
Rip,Collins,1896,USA,1968,USA
Rob,Nelson,1964,USA,,
Bill,Evans,1893,USA,1946,USA
Fred,Brickell,1906,USA,1961,USA
Rasty,Wright,1863,USA,1922,USA
Chris,Snyder,1981,USA,,
Horace,Clarke,1939,V.I.,2020,USA
Bill,Collins,1863,Ireland,1893,USA
Jim,Sullivan,1894,USA,1972,USA
Dallas,Williams,1958,USA,,
Chuck,Baker,1952,USA,,
John,Hamill,1860,USA,1911,USA
Frank,Barron,1890,USA,1964,USA
John,Murphy,1879,USA,1949,USA
George,Meyers,1865,USA,1943,USA
Juan,Moreno,1975,Venezuela,,
Alcides,Escobar,1986,Venezuela,,
Jim,Britton,1944,USA,,
Ernest,Groth,1922,USA,2004,USA
Binky,Jones,1899,USA,1961,USA
Mike,Schultz,1920,USA,2004,USA
Eddie,Morgan,1914,USA,1982,USA
Mickey,O'Neil,1898,USA,1964,USA
Charlie,Fox,1921,USA,2004,USA
Dae-ho,Lee,1982,South Korea,,
Allan,Anderson,1964,USA,,
John,Briggs,1944,USA,,
Dusty,Miller,1868,USA,1945,USA
Bo,Porter,1972,USA,,
Bob,Smith,1895,USA,1987,USA
Fred,Bennett,1902,USA,1957,USA
Jack,Martin,1887,USA,1980,USA
Eduardo,Paredes,1995,Venezuela,,
Jack,Morris,1955,USA,,
Paul,Strand,1893,USA,1974,USA
Bruce,Campbell,1909,USA,1995,USA
Matt,Williams,1965,USA,,
Al,Smith,1928,USA,2002,USA
Dolan,Nichols,1930,USA,1989,USA
Jim,Hickman,1892,USA,1958,USA
Tom,Phillips,1889,USA,1929,USA
Jason,Rogers,1988,USA,,
Jermaine,Clark,1976,USA,,
Chris,Hatcher,1969,USA,,
Johnnie,Heving,1896,USA,1968,USA
Chuck,Daniel,1933,USA,2008,USA
Mickey,Harris,1917,USA,1971,USA
Dan,Boone,1895,USA,1968,USA
Chuck,Miller,1889,USA,1961,USA
Jimmie,Wilson,1900,USA,1947,USA
Tippy,Martinez,1950,USA,,
Al,Wright,1842,USA,1905,USA
Roberto,Hernandez,1964,P.R.,,
Tom,Daly,1891,CAN,1946,USA
Harry,Smith,1889,USA,1964,USA
Ray,Webster,1937,USA,2020,USA
Jesse,Baker,1895,USA,1976,USA
Charlie,Greene,1971,USA,,
Tom,Sullivan,1906,USA,1944,USA
Jerry,Robertson,1943,USA,1996,USA
Ray,Martin,1925,USA,2013,USA
John,Patterson,1967,USA,,
Bill,Chamberlain,1909,USA,1994,USA
Ray,Scarborough,1917,USA,1982,USA
Bobby,Smith,1934,USA,2015,USA
Clay,Carroll,1941,USA,,
Chipper,Jones,1972,USA,,
Bing,Miller,1894,USA,1966,USA
Tommy,McMillan,1888,USA,1966,USA
Kevin,Roberson,1968,USA,,
Lance,Parrish,1956,USA,,
Hawk,Taylor,1939,USA,2012,USA
Reggie,Willits,1981,USA,,
Ken,Johnson,1923,USA,2004,USA
Chris,Carpenter,1975,USA,,
Jim,Adduci,1959,USA,,
Lou,Johnson,1934,USA,2020,USA
Danny,Jackson,1962,USA,,
Jesse,Hill,1907,USA,1993,USA
Watty,Clark,1902,USA,1972,USA
Ron,Hansen,1938,USA,,
Bob,Johnson,1936,USA,2019,USA
Danny,Cox,1959,United Kingdom,,
Dave,Patterson,1956,USA,,
Al,Jones,1959,USA,,
Jim,Sullivan,1867,USA,1901,USA
Hector,Cruz,1953,P.R.,,
Bill,Mueller,1971,USA,,
Jerry,Walker,1939,USA,,
Larry,Thomas,1969,USA,,
Ken,Williams,1964,USA,,
Joe,Burns,1900,USA,1986,USA
Luis,Lopez,1964,USA,,
Bill,Delaney,1863,USA,1942,USA
Tom,Wilson,1890,USA,1953,USA
Ralph,Garcia,1948,USA,,
Joe,Taylor,1926,USA,1993,USA
Bobby,Brown,1954,USA,,
Henry,Jackson,1861,USA,1932,USA
Joe,O'Rourke,1904,USA,1990,USA
Robby,Scott,1989,USA,,
Frank,House,1930,USA,2005,USA
Bill,Schwartz,1864,USA,1940,USA
Josh,James,1993,USA,,
Johnny,O'Connor,1891,Ireland,1982,USA
Todd,Williams,1971,USA,,
Al,Williams,1914,USA,1969,USA
Dustin,Richardson,1984,USA,,
Jim,Miller,1982,USA,,
Roger,Nelson,1944,USA,,
Brian,Harper,1959,USA,,
John,Houseman,1870,Netherlands,1922,USA
Matt,Guerrier,1978,USA,,
John,Doherty,1951,USA,,
Mike,Fitzgerald,1964,USA,,
Tom,Williams,1870,USA,1940,USA
Jamie,Brown,1977,USA,,
Chris,Fulmer,1858,USA,1931,USA
Mike,McCormick,1938,USA,2020,USA
Bill,Sullivan,1868,USA,1905,USA
Marwin,Gonzalez,1989,Venezuela,,
Mick,Kelleher,1947,USA,,
Mel,Queen,1918,USA,1982,USA
Tom,Hughes,1878,USA,1956,USA
Tom,McCarthy,1884,USA,1933,USA
Billy,Smith,1954,USA,,
John,Sullivan,1873,USA,1924,USA
Bill,Bishop,1864,USA,1932,USA
Carson,Kelly,1994,USA,,
Josh,Beckett,1980,USA,,
Bill,McGilvray,1883,USA,1952,USA
Dane,Johnson,1963,USA,,
Dick,Schofield,1962,USA,,
Jack,Wallaesa,1919,USA,1986,USA
Bill,Donovan,1876,USA,1923,USA
Tom,McMillan,1951,USA,,
Harry,Steinfeldt,1875,USA,1914,USA
Malachi,Hogan,1878,USA,1945,USA
Danny,Clay,1961,USA,,
Joe,Mulligan,1913,USA,1986,USA
Randy,Scarbery,1952,USA,,
Billy,Hart,1866,USA,1944,USA
Chuck,Carr,1967,USA,,
Benny,Meyer,1885,USA,1974,USA
Jim,Rogers,1872,USA,1900,USA
Mike,Brumley,1963,USA,,
Anse,Moore,1917,USA,1993,USA
Jared,Hughes,1985,USA,,
Josh,Wilson,1981,USA,,
Ron,Stone,1942,USA,,
Ham,Patterson,1877,USA,1945,USA
Mitch,Jones,1977,USA,,
Michael,Reed,1992,USA,,
Scott,Baker,1970,USA,,
Mike,Bacsik,1977,USA,,
Randy,Johnson,1958,USA,,
Carlos,Diaz,1964,USA,,
Chuck,Smith,1969,USA,,
Bob,Davis,1933,USA,2001,USA
Joe,Miller,1861,USA,1928,USA
Chuck,Malone,1965,USA,,
Ted,Turner,1892,USA,1958,USA
Brett,Phillips,1994,USA,,
George,Blackburn,1869,USA,1938,USA
Leo,Thomas,1923,USA,2001,USA
Joe,Sullivan,1870,USA,1897,USA
James,Shields,1981,USA,,
Elvin,Ramirez,1987,D.R.,,
Eddie,Brown,1891,USA,1956,USA
Jack,Howell,1961,USA,,
Hal,Finney,1905,USA,1991,USA
Jim,Wright,1950,USA,,
Vladimir,Guerrero,1999,CAN,,
Edwin,Escobar,1992,Venezuela,,
Jorge,Rondon,1988,Venezuela,,
George,Scott,1895,USA,1962,USA
Joe,Ortiz,1990,Venezuela,,
Joe,Dolan,1873,USA,1938,USA
Joe,Stephenson,1921,USA,2001,USA
Bob,Bowman,1931,USA,2017,USA
Jack,McMahon,1869,USA,1894,USA
Jason,Davis,1980,USA,,
Angel,Torres,1952,D.R.,,
Brock,Peterson,1983,USA,,
Gene,Ford,1881,CAN,1973,USA
Jim,McLaughlin,1902,USA,1968,USA
Gene,Moore,1909,USA,1978,USA
Matt,Davidson,1991,USA,,
John,Kennedy,1941,USA,2018,USA
Cory,Snyder,1962,USA,,
Gene,Moore,1885,USA,1938,USA
Mark,Thompson,1971,USA,,
George,Frazier,1861,USA,1913,USA
Rafael,Martin,1984,USA,,
Bob,Gibson,1935,USA,2020,USA
Ralph,Miller,1899,USA,1967,USA
Fernando,Hernandez,1984,USA,,
Gus,Williams,1888,USA,1964,USA
Ken,Williams,1890,USA,1959,USA
Ramon,Pena,1962,D.R.,,
Chico,Walker,1957,USA,,
Mark,Whiten,1966,USA,,
Keith,Williams,1972,USA,,
Jack,McDonald,1844,USA,1880,USA
Bud,Davis,1895,USA,1967,USA
Earl,Williams,1903,USA,1958,USA
Jud,Wilson,1896,USA,1963,USA
Bry,Nelson,1974,USA,,
Mike,Kelly,1902,USA,1982,USA
Angel,Castro,1982,D.R.,,
Frank,Browning,1882,USA,1948,USA
Chris,Stewart,1982,USA,,
Bill,Phillips,1857,CAN,1900,USA
Jordan,Schafer,1986,USA,,
Stephen,Smitherman,1978,USA,,
Joe,Schultz,1893,USA,1941,USA
Jose,Bautista,1980,D.R.,,
Manuel,Lee,1965,D.R.,,
Matt,Miller,1971,USA,,
John,Smith,,USA,,
Jim,McDonald,1927,USA,2004,USA
Ed,McDonald,1886,USA,1946,USA
Brent,Billingsley,1975,USA,,
Bill,Kennedy,1921,USA,1983,USA
Al,Wright,1912,USA,1998,USA
Carl,Crawford,1981,USA,,
Leo,Smith,1859,USA,1935,USA
Darrell,Sherman,1966,USA,,
Pat,Dean,1989,USA,,
Edubray,Ramos,1992,Venezuela,,
Fred,Rath,1943,USA,,
Manny,Martinez,1970,D.R.,,
Billy,Gilbert,1876,USA,1927,USA
Abraham,Nunez,1976,D.R.,,
Jackie,Brown,1943,USA,2017,USA
Fred,Lewis,1980,USA,,
Mike,McCormack,1882,USA,1953,USA
Billy,Earle,1867,USA,1946,USA
Jim,McCormick,1868,USA,1948,USA
Carlos,Hernandez,1967,Venezuela,,
Michael,Jackson,1964,USA,,
Gary,Wilson,1970,USA,,
David,Lee,1973,USA,,
John,Wood,1872,USA,1929,USA
Carlos,Crawford,1971,USA,,
Pete,O'Brien,1958,USA,,
Cooney,Snyder,1873,CAN,1917,CAN
Scott,Taylor,1966,USA,,
Chris,Young,1979,USA,,
Jay,Hughes,1874,USA,1924,USA
Joe,Hoover,1915,USA,1965,USA
Manny,Hernandez,1961,D.R.,,
Frank,Thomas,1929,USA,,
Ketel,Marte,1993,D.R.,,
Jimmy,Walsh,1887,Ireland,1962,USA
Rick,Rodriguez,1960,USA,,
David,McKay,1995,USA,,
Eduardo,Rodriguez,1993,Venezuela,,
Harry,Taylor,1866,USA,1955,USA
Jacob,Barnes,1990,USA,,
Tom,McCarthy,1961,Germany,,
Mark,Leiter,1963,USA,,
Darrell,Johnson,1928,USA,2004,USA
Stub,Brown,1870,USA,1948,USA
Bunny,Hearn,1891,USA,1959,USA
George,Grantham,1900,USA,1954,USA
Jack,Smith,1935,USA,2021,USA
Haywood,Sullivan,1930,USA,2003,USA
Julio,Mateo,1977,D.R.,,
Bill,Burns,1880,USA,1953,USA
Otis,Miller,1901,USA,1959,USA
Charles,Fisher,,USA,,
Jose,Cardenal,1943,Cuba,,
Tom,Walker,1948,USA,,
Brandon,Harper,1976,USA,,
Jonathan,Pettibone,1990,USA,,
Fred,Osborne,1865,CAN,1907,USA
Matt,McBride,1985,USA,,
Wally,Hood,1895,USA,1965,USA
Jose,Martinez,1988,Venezuela,,
Erik,Johnson,1965,USA,,
Alfredo,Cabrera,1881,Spain,1964,Cuba
Anthony,Santander,1994,Venezuela,,
Joe,Kelly,1886,USA,1977,USA
Adam,Eaton,1977,USA,,
Jack,White,1905,USA,1971,USA
Cozy,Dolan,1872,USA,1907,USA
Joe,Morgan,1930,USA,,
Jackie,Warner,1943,USA,,
Del,Young,1912,USA,1979,USA
Jesus,Flores,1984,Venezuela,,
Tom,Miller,1897,USA,1980,USA
Josh,Whitesell,1982,USA,,
Bobby,Valentine,1950,USA,,
Joe,Willis,1890,USA,1966,USA
Jack,Ryan,1868,USA,1952,USA
Kevin,Richardson,1980,USA,,
Happy,Smith,1883,USA,1961,USA
Jerry,DaVanon,1945,USA,,
Skinny,Graham,1909,USA,1967,USA
Mike,McDermott,1874,USA,1943,USA
Mike,Frank,1974,USA,,
Darrin,Fletcher,1966,USA,,
Bob,Barr,1908,USA,2002,USA
John,Brown,1876,USA,1908,USA
Ronny,Rodriguez,1992,D.R.,,
Clete,Boyer,1937,USA,2007,USA
Charlie,Ferguson,1875,USA,1931,USA
Alexei,Ramirez,1981,Cuba,,
Paul,Gillespie,1920,USA,1970,USA
Bert,James,1886,USA,1959,USA
Trever,Miller,1973,USA,,
Elder,White,1933,USA,2010,USA
Russ,Miller,1900,USA,1962,USA
Chet,Nichols,1897,USA,1982,USA
Tom,Wilson,1970,USA,,
Alan,Johnson,1983,USA,,
Bill,Morgan,1857,USA,1938,USA
Tony,Perez,1942,Cuba,,
George,Moriarty,1885,USA,1964,USA
Will,Smith,1995,USA,,
Woody,Williams,1912,USA,1995,USA
Babe,Martin,1920,USA,2013,USA
Gerald,Young,1964,Honduras,,
Roosevelt,Brown,1975,USA,,
John,O'Brien,1851,USA,1914,USA
Gene,Freese,1934,USA,2013,USA
Brian,Hunter,1968,USA,,
Jim,Lewis,1964,USA,,
Domingo,Martinez,1965,D.R.,,
Nick,Martini,1990,USA,,
Bill,McGill,1880,USA,1959,USA
Tom,Fisher,1880,USA,1972,USA
Art,Reinhart,1899,USA,1946,USA
Roy,Smith,1961,USA,,
Bob,Allen,1914,USA,2005,USA
Warren,Morris,1974,USA,,
Roy,Nichols,1921,USA,2002,USA
Charlie,Baker,1856,USA,1937,USA
Alex,Arias,1967,USA,,
Jose,Cabrera,1972,D.R.,,
Milt,Thompson,1959,USA,,
Jim,Manning,1943,USA,2020,USA
Eduardo,Rodriguez,1952,P.R.,2009,P.R.
Dan,Johnson,1979,USA,,
Elvio,Jimenez,1940,D.R.,,
John,Cassidy,1855,USA,1891,USA
Tony,Cruz,1986,USA,,
Brian,Holman,1965,USA,,
Jeff,Francis,1981,CAN,,
Harry,Kelley,1906,USA,1958,USA
Brooks,Lawrence,1925,USA,2000,USA
Frank,Barrows,1844,USA,1922,USA
Juan,Cruz,1978,D.R.,,
James,McCann,1990,USA,,
Charlie,Berry,1902,USA,1972,USA
Bill,Hallman,1876,USA,1950,USA
Jordan,Romano,1993,CAN,,
Jesus,Sanchez,1997,D.R.,,
Ramon,Martinez,1968,D.R.,,
Jim,McDonald,1860,USA,1914,USA
Charles,Snyder,1873,USA,1901,USA
Adonis,Garcia,1985,Cuba,,
John,Henry,1863,USA,1939,USA
Jose,Morales,1944,V.I.,,
Franchy,Cordero,1994,D.R.,,
Jimmy,Archer,1883,Ireland,1958,USA
Jimmy,Smith,1895,USA,1974,USA
Danny,Green,1876,USA,1914,USA
Joe,Knight,1859,CAN,1938,CAN
John,Stephenson,1941,USA,,
Jack,Farrell,1856,USA,1916,USA
John,Reilly,1858,USA,1937,USA
George,Frazier,1954,USA,,
Billy,Harris,1943,USA,2020,USA
Mike,Page,1940,USA,,
Jim,Hughes,1923,USA,2001,USA
Andrew,Vasquez,1993,USA,,
Kenny,Roberts,1988,USA,,
Elmer,Miller,1903,USA,1987,USA
Enrique,Hernandez,1991,P.R.,,
Chick,Autry,1903,USA,1950,USA
John,Dolan,1867,USA,1948,USA
Jesse,Flores,1914,Mexico,1991,USA
Ramon,Castro,1976,P.R.,,
Joe,Black,1924,USA,2002,USA
Tony,Pena,1957,D.R.,,
Michael,Martinez,1982,D.R.,,
John,Singleton,1896,USA,1937,USA
Jim,Walkup,1909,USA,1997,USA
Tommy,Davis,1973,USA,,
Daniel,Garcia,1980,USA,,
Jose,Martinez,1942,Cuba,2014,USA
Steve,Dunn,1970,USA,,
Sam,Crane,1894,USA,1955,USA
Tino,Martinez,1967,USA,,
David,Cortes,1973,Mexico,,
Anthony,Vasquez,1986,USA,,
Harry,Spence,1853,USA,1908,USA
Ed,McDonough,1886,USA,1926,USA
Brian,Snyder,1958,USA,,
Jim,Weaver,1939,USA,,
Sean,White,1981,USA,,
Rick,Jones,1955,USA,,
Tom,Murphy,1945,USA,,
Jim,McCormick,1856,United Kingdom,1918,USA
John,Ward,1862,USA,1899,USA
Steve,Davis,1960,USA,,
Rex,Smith,1861,USA,1895,USA
Bob,Allen,1894,USA,1975,USA
Matt,Reynolds,1990,USA,,
Jim,McLaughlin,1860,USA,1895,USA
Bobby,Jones,1970,USA,,
Josh,Bell,1992,USA,,
Paxton,Crawford,1977,USA,,
Luis,Rivera,1964,P.R.,,
Jaret,Wright,1975,USA,,
Mickey,Stanley,1942,USA,,
Pat,Kelly,1967,USA,,
Andrew,Thompson,1846,USA,1895,USA
Chris,Petersen,1970,USA,,
Joe,Glenn,1908,USA,1985,USA
Chummy,Gray,1873,USA,1913,USA
Mike,Rivera,1976,P.R.,,
John,Mitchell,1965,USA,,
Mark,Grace,1964,USA,,
Josh,Hall,1980,USA,,
Ed,Miller,1888,USA,1980,USA
Anderson,Machado,1981,Venezuela,,
Fernando,Tatis,1999,D.R.,,
George,Stone,1946,USA,,
Stan,Clarke,1960,USA,,
John,Morrissey,1856,USA,1884,USA
Jose,Ortiz,1977,D.R.,,
Jeff,D'Amico,1975,USA,,
Bobby,Moore,1958,USA,2015,USA
Miguel,Rojas,1989,Venezuela,,
Rudy,Miller,1900,USA,1994,USA
Jordan,Brown,1983,USA,,
Gregg,Olson,1966,USA,,
John,McDonald,1974,USA,,
Jeff,DaVanon,1973,USA,,
Tony,Armas,1953,Venezuela,,
Larry,Anderson,1952,USA,,
Danny,Richardson,1863,USA,1926,USA
Claude,Thomas,1890,USA,1946,USA
Dan,Coogan,1875,USA,1942,USA
Bill,Hughes,1860,USA,1928,USA
Harry,O'Neill,1897,CAN,1969,CAN
Ken,Wood,1924,USA,2007,USA
Paul,Martin,1932,USA,2011,USA
Daric,Barton,1985,USA,,
Joe,McCarthy,1994,USA,,
Buck,Freeman,1871,USA,1949,USA
Dain,Clay,1919,USA,1994,USA
Julio,Gonzalez,1920,Cuba,1991,Cuba
Bill,Wilson,1928,USA,,
Ed,Foster,1885,USA,1929,USA
Jorge,Sosa,1978,D.R.,,
Jose,De Paula,1988,D.R.,,
Hanley,Ramirez,1983,D.R.,,
Doug,Davis,1975,USA,,
Stew,Cliburn,1956,USA,,
Jeff,Williams,1972,Australia,,
Jack,Owens,1908,USA,1958,USA
Fernando,Tatis,1975,D.R.,,
Doggie,Miller,1864,USA,1909,USA
Jose,Castillo,1981,Venezuela,2018,Venezuela
Edgar,Gonzalez,1978,USA,,
George,Bell,1959,D.R.,,
Keith,Miller,1963,USA,,
Juan,Guerrero,1967,D.R.,,
Bill,McCarren,1895,USA,1983,USA
Claude,Davidson,1896,USA,1956,USA
Jolbert,Cabrera,1972,Colombia,,
Johnny,Barrett,1915,USA,1974,USA
Jeff,Gray,1963,USA,,
Charlie,Smith,1880,USA,1929,USA
Jonathan,Hernandez,1996,USA,,
Billy,Moran,1933,USA,2021,USA
Chris,Short,1937,USA,1991,USA
Jeremy,Reed,1981,USA,,
Frank,Smith,1928,USA,2005,USA
Eddy,Diaz,1971,Venezuela,,
Pat,Sullivan,1861,USA,1901,USA
Lee,King,1894,USA,1938,USA
Luis,de los Santos,1966,D.R.,,
Juan,Castillo,1962,D.R.,,
Jose,Santiago,1928,P.R.,2018,P.R.
Pat,Strange,1980,USA,,
Mayo,Smith,1915,USA,1977,USA
Harry,Sullivan,1888,USA,1919,USA
Hack,Spencer,1885,USA,1969,USA
Doug,Davis,1962,USA,,
Dan,O'Connor,1868,CAN,1942,CAN
Charlie,Householder,1855,USA,1908,USA
Jackie,Hayes,1906,USA,1983,USA
Josh,Fields,1985,USA,,
Paul,Dean,1912,USA,1981,USA
Joe,Connolly,1884,USA,1943,USA
Bill,Kelly,1898,USA,1990,USA
Jack,Harper,1893,USA,1927,USA
Jason,Shiell,1976,USA,,
Carlos,Castillo,1975,USA,,
Walter,Johnson,1887,USA,1946,USA
Chris,Beck,1990,USA,,
Chris,Seelbach,1972,USA,,
Juan,Castillo,1970,Venezuela,,
Jamey,Wright,1974,USA,,
Wash,Williams,,USA,,
Fred,Waters,1927,USA,1989,USA
Keith,Brown,1964,USA,,
Jerald,Clark,1963,USA,,
George,Stallings,1867,USA,1929,USA
Todd,Cruz,1955,USA,2008,USA
Luis,Martinez,1980,D.R.,,
Tommy,Hunter,1986,USA,,
Chick,Autry,1885,USA,1976,USA
Manny,Barreda,1988,USA,,
John,McGraw,1873,USA,1934,USA
Tommy,Thomas,1899,USA,1988,USA
Ken,Hunt,1934,USA,1997,USA
Rod,Miller,1940,USA,2013,USA
Patrick,Murphy,1995,USA,,
Larvell,Blanks,1950,USA,,
Matt,Reynolds,1984,USA,,
Frank,Schulte,1882,USA,1949,USA
Joey,Hamilton,1970,USA,,
Matt,Olson,1994,USA,,
Jimmy,Austin,1879,United Kingdom,1965,USA
Shea,Hillenbrand,1975,USA,,
David,Adams,1987,USA,,
Edgar,Gonzalez,1983,Mexico,,
Dave,Clark,1962,USA,,
Bryan,Clark,1956,USA,,
Jose,Reyes,1983,D.R.,,
Bull,Wagner,1887,USA,1967,USA
Jason,Wood,1969,USA,,
Edgar,Smith,1860,USA,,
George,McQuinn,1910,USA,1978,USA
Randy,Johnson,1956,USA,,
Charlie,Brown,1871,USA,1938,USA
Gene,Snyder,1931,USA,1996,USA
Tom,Murray,1867,USA,1939,USA
Tom,Hughes,1884,USA,1961,USA
Mario,Guerrero,1949,D.R.,,
Bud,Stewart,1916,USA,2000,USA
Gary,Wilson,1954,USA,,
Jeff,Harris,1974,USA,,
Bob,Sadowski,1937,USA,2017,USA
Brant,Brown,1971,USA,,
Derrick,White,1969,USA,,
Juan,Diaz,1974,Cuba,,
Carlos,Rivera,1978,P.R.,,
Gary,Cooper,1964,USA,,
Gene,Baker,1925,USA,1999,USA
Roberto,Hernandez,1980,D.R.,,
Mike,Adams,1948,USA,,
Brad,Nelson,1982,USA,,
Billy,Sullivan,1875,USA,1965,USA
Mike,Grace,1956,USA,,
Ed,Murphy,1877,USA,1935,USA
Joe,Martin,1876,USA,1964,USA
Frosty,Thomas,1881,USA,1970,USA
Dick,Scott,1883,USA,1911,USA
Darrell,May,1972,USA,,
Jered,Weaver,1982,USA,,
Juan,Gonzalez,1969,P.R.,,
Jack,Phillips,1919,USA,1958,USA
William,Matthews,1877,USA,1946,USA
Mike,Mahoney,1972,USA,,
Ross,Jones,1960,USA,,
Alex,Jackson,1995,USA,,
Frank,Baker,1944,USA,2010,USA
Butts,Wagner,1871,USA,1928,USA
Ray,Caldwell,1888,USA,1967,USA
Chuck,Seelbach,1948,USA,,
Wilking,Rodriguez,1990,Venezuela,,
Joely,Rodriguez,1991,D.R.,,
Hal,Erickson,1919,USA,2008,USA
Dave,Hollins,1966,USA,,
Jim,Jones,1876,USA,1953,USA
Mike,Lynch,1875,USA,1947,USA
Pete,Young,1968,USA,,
John,Murphy,1858,USA,1905,USA
Jake,Wood,1937,USA,,
Herbert,Jackson,1883,USA,1922,USA
Mickey,Corcoran,1882,USA,1950,USA
Jerry,Johnson,1943,USA,2021,USA
Joe,Hall,1966,USA,,
Randy,Flores,1975,USA,,
Tom,Carey,1846,USA,1906,USA
Jorge,Guzman,1996,D.R.,,
Jim,Wilson,1960,USA,,
Tom,Hughes,1934,Panama,,
Jack,Lopez,1992,P.R.,,
John,Nelson,1979,USA,,
Kid,Butler,1861,USA,1921,USA
Jake,McCarthy,1997,USA,,
Danny,Clark,1894,USA,1937,USA
Bill,Miller,1927,USA,2003,USA
Bob,Schmidt,1933,USA,2015,USA
Jacque,Jones,1975,USA,,
Ramon,Garcia,1924,Cuba,2001,Cuba
Greg,Harris,1963,USA,,
Nick,Martinez,1990,USA,,
Billy,Pierce,1927,USA,2015,USA
John,Briggs,1934,USA,2018,USA
Damian,Jackson,1973,USA,,
Mike,Davis,1959,USA,,
Ali,Sanchez,1997,Venezuela,,
Bill,Bailey,1888,USA,1926,USA
John,Patterson,1978,USA,,
Willy,Wilson,1885,USA,1925,USA
Josh,Wall,1987,USA,,
Enzo,Hernandez,1949,Venezuela,2013,Venezuela
Rick,Anderson,1956,USA,,
Frank,Pearce,1905,USA,1950,USA
Bill,Stellberger,1865,USA,1936,USA
Tony,Murray,1904,USA,1974,USA
Alex,Sanchez,1966,USA,,
Bill,Stein,1947,USA,,
Colby,Ward,1964,USA,,
Harl,Maggert,1914,USA,1986,USA
Dale,Roberts,1942,USA,2010,USA
George,Smith,1901,USA,1981,USA
Gary,Matthews,1950,USA,,
Charlie,Jones,1876,USA,1947,USA
Jay,Johnstone,1945,USA,2020,USA
Bill,Harris,1900,USA,1965,USA
Les,Willis,1908,USA,1982,USA
Adam,Eaton,1988,USA,,
Rankin,Johnson,1888,USA,1972,USA
George,Freese,1926,USA,2014,USA
Daniel,Davidson,1981,USA,,
Mike,Kelley,1875,USA,1955,USA
JaCoby,Jones,1992,USA,,
Bill,Anderson,1895,USA,1983,USA
Harry,Pattee,1882,USA,1971,USA
Bill,Steinecke,1907,USA,1986,USA
Connie,Murphy,1870,USA,1945,USA
Bill,Harrelson,1945,USA,,
Red,Patterson,1987,USA,,
Mike,Williams,1968,USA,,
Howard,Bailey,1957,USA,,
Bill,Jones,1887,CAN,1946,USA
Adam,Peterson,1979,USA,,
Dick,Egan,1937,USA,,
Art,Wilson,1885,USA,1960,USA
John,Mercer,1892,USA,1982,USA
Luis,Rivera,1978,Mexico,,
Pete,Rose,1969,USA,,
Ri,Jones,1859,USA,1936,USA
George,Grant,1903,USA,1986,USA
Tex,Jones,1885,USA,1938,USA
Jesse,Hoffmeister,1877,USA,1933,USA
Darren,Oliver,1970,USA,,
Mark,Williams,1953,USA,,
Jason,McDonald,1972,USA,,
Pedro,Martinez,1971,D.R.,,
Frank,Bennett,1904,USA,1966,USA
Darrell,Porter,1952,USA,2002,USA
Roel,Ramirez,1995,USA,,
Ducky,Holmes,1883,USA,1945,USA
Bert,Daniels,1882,USA,1958,USA
Carlos,Maldonado,1979,Venezuela,,
Bob,Harrison,1930,USA,,
Bobby,Locke,1934,USA,2020,USA
Roman,Mejias,1930,Cuba,,
Wally,Whitehurst,1964,USA,,
Matt,Moore,1989,USA,,
Jerry,Moore,1855,CAN,1890,USA
Marty,Castillo,1957,USA,,
Cal,Ripken,1935,USA,1999,USA
Steve,Ontiveros,1961,USA,,
Geremi,Gonzalez,1975,Venezuela,2008,Venezuela
Joe,Flynn,1861,USA,1933,USA
Jimmy,Grant,1918,USA,1970,USA
Dave,Oliver,1951,USA,,
John,Smith,1858,USA,1899,USA
Bill,Crouch,1907,USA,1980,USA
Davey,Williams,1927,USA,2009,USA
Don,Johnson,1911,USA,2000,USA
Bill,White,1934,USA,,
Jim,Campbell,1943,USA,,
Ed,Morris,1899,USA,1932,USA
Pete,Smith,1966,USA,,
John,Hoover,1962,USA,2014,USA
Bill,Henderson,1857,USA,1929,USA
Paul,Smith,1931,USA,2019,USA
Tony,Gwynn,1960,USA,2014,USA
Jose,Gonzalez,1964,D.R.,,
Vinny,Castilla,1967,Mexico,,
Sam,McConnell,1975,USA,,
Jose,Bautista,1964,D.R.,,
Hal,Trosky,1912,USA,1979,USA
Gaby,Sanchez,1983,USA,,
John,Miller,1944,USA,,
Ernie,Groth,1884,USA,1950,USA
John,Fitzgerald,1870,USA,1921,USA
Jose,Rodriguez,1894,Cuba,1953,Cuba
Mike,Lynch,1880,USA,1927,USA
Mike,Smith,1904,USA,1981,USA
Daniel,Johnson,1995,USA,,
Austin,Adams,1986,USA,,
Luis,Marte,1986,D.R.,,
Brian,Lawrence,1976,USA,,
John,Mulligan,,USA,,
Rusty,Peters,1914,USA,2003,USA
Dan,Jennings,1987,USA,,
Hal,Keller,1927,USA,2012,USA
Rod,Allen,1959,USA,,
Red,Smith,1904,USA,1978,USA
Dave,Anderson,1868,USA,1897,USA
Johnny,Schulte,1896,USA,1978,USA
Brian,Smith,1972,USA,,
Steve,Kline,1972,USA,,
Justin,Wilson,1987,USA,,
Dave,Ford,1956,USA,,
Jake,Meyers,1996,USA,,
Joe,Brown,1859,CAN,1888,USA
Mickey,Harrington,1934,USA,2017,USA
Joe,Brown,1900,USA,1950,USA
Eli,Whiteside,1979,USA,,
Chris,Howard,1966,USA,,
Milt,Whitehead,1862,CAN,1901,USA
Frank,Barnes,1900,USA,1967,USA
Craig,Wilson,1964,USA,,
Stephen,Larkin,1973,USA,,
Jose,Guzman,1963,P.R.,,
Joe,Christopher,1935,V.I.,,
Tommy,Griffith,1889,USA,1967,USA
John,McDonald,1883,USA,1950,USA
Joel,Davis,1965,USA,,
Bill,Anderson,1865,USA,1936,USA
Angel,Santos,1979,P.R.,,
Joe,Schultz,1918,USA,1996,USA
Chris,Snelling,1981,USA,,
Roger,Smithberg,1966,USA,,
Bill,Henry,1942,USA,,
Jay,Rogers,1888,USA,1964,USA
Bob,Porterfield,1923,USA,1980,USA
Charlie,Berry,1860,USA,1940,USA
Bud,Smith,1979,USA,,
Buddy,Black,1957,USA,,
Larry,Carter,1965,USA,,
Mike,McCormick,1917,USA,1976,USA
Mitch,White,1994,USA,,
Tommy,Murphy,1979,USA,,
Ron,Davis,1955,USA,,
Robbie,Ray,1991,USA,,
Jose,Roman,1963,D.R.,,
Rube,Foster,1879,USA,1930,USA
Jackie,Tobin,1921,USA,1982,USA
Dave,Schneck,1949,USA,,
Bill,Rodgers,1887,USA,1978,USA
Carlos,Perez,1971,D.R.,,
Darnell,McDonald,1978,USA,,
Mitchell,Page,1951,USA,2011,USA
John,Simmons,1924,USA,2008,USA
Chief,Meyers,1880,USA,1971,USA
Luis,Lopez,1970,P.R.,,
Deke,White,1872,USA,1957,USA
Mark,Reynolds,1983,USA,,
Otto,Miller,1889,USA,1962,USA
Mike,Smith,1977,USA,,
Bill,Gleason,1858,USA,1932,USA
Hunter,Hill,1879,USA,1959,USA
Jack,O'Brien,1873,USA,1933,USA
Bill,Wilson,1942,USA,1993,USA
Brayan,Villarreal,1987,Venezuela,,
Joe,Callahan,1916,USA,1949,USA
Dallas,Green,1934,USA,2017,USA
Mickey,McDermott,1929,USA,2003,USA
Rick,Adams,1878,USA,1955,USA
Jack,Chapman,1843,USA,1916,USA
Toby,Hall,1975,USA,,
Darrell,Jackson,1956,USA,,
Dick,Harley,1874,USA,1961,USA
George,McQuillan,1885,USA,1940,USA
Richard,Rodriguez,1990,D.R.,,
Kid,Butler,1887,USA,1964,USA
Jeff,Robinson,1960,USA,,
Candy,Maldonado,1960,P.R.,,
Don,Nicholas,1930,USA,2007,USA
Steve,Sparks,1965,USA,,
Dan,McGeehan,1885,USA,1955,USA
Brian,Wilson,1982,USA,,
Al,Smith,1903,USA,1995,USA
Kelvin,Chapman,1956,USA,,
Rollin,Cook,1890,USA,1975,USA
Johnny,Ostrowski,1917,USA,1992,USA
Jimmy,Cooney,1894,USA,1991,USA
Randy,Johnson,1963,USA,,
Johnny,Butler,1893,USA,1967,USA
Jacob,Wilson,1990,USA,,
Chin-lung,Hu,1984,Taiwan,,
Cliff,Carroll,1859,USA,1923,USA
Matt,White,1977,USA,,
Josh,Rodriguez,1984,USA,,
Jim,Murray,1894,USA,1973,USA
John,Burke,1877,USA,1950,USA
Tony,Smith,1884,USA,1964,USA
Robert,Ray,1984,USA,,
Dave,Schmidt,1956,USA,,
Win,Clark,1875,USA,1959,USA
Pat,House,1940,USA,,
Bob,Hall,1878,USA,1950,USA
Ryan,Jackson,1971,USA,,
Chuck,James,1981,USA,,
Brad,Bergesen,1985,USA,,
Pat,Crawford,1902,USA,1994,USA
Pat,O'Connell,1861,USA,1943,USA
Hank,Patterson,1907,USA,1970,USA
Eddie,Taylor,1901,USA,1992,USA
Charlie,Gibson,1879,USA,1954,USA
Stan,Spence,1915,USA,1983,USA
Jiggs,Donahue,1879,USA,1913,USA
Jack,McCandless,1891,USA,1961,USA
John,Miller,1941,USA,2020,USA
Tom,Morrison,1869,USA,1902,USA
Mario,Ramirez,1957,P.R.,2013,P.R.
Red,Barnes,1903,USA,1959,USA
Mark,Wagner,1954,USA,,
Gary,Buckels,1965,USA,,
Chad,Meyers,1975,USA,,
Tom,Thomas,1873,USA,1942,USA
Bryse,Wilson,1997,USA,,
Bill,Hunter,1887,USA,1934,USA
Andy,Thompson,1975,USA,,
Gary,Jones,1945,USA,,
Rondell,White,1972,USA,,
Jeff,Reed,1962,USA,,
Pat,Murphy,1857,USA,1927,USA
Alfredo,Gonzalez,1992,Venezuela,,
Archie,Reynolds,1946,USA,,
Johnny,Johnston,1890,USA,1940,USA
Patrick,Sandoval,1996,USA,,
Garland,Buckeye,1897,USA,1975,USA
Bob,Jones,1949,USA,,
John,O'Neil,1920,USA,2012,USA
Pop-boy,Smith,1892,USA,1924,USA
Tom,Gillen,1862,USA,1889,USA
John,Antonelli,1915,USA,1990,USA
Ed,Fisher,1876,USA,1951,USA
Harry,O'Neill,1917,USA,1945,Japan
Alan,Newman,1969,USA,,
Billy,Kelly,1886,USA,1940,USA
Hal,Anderson,1904,USA,1974,USA
Chuck,Jackson,1963,USA,,
Mike,Mendoza,1955,USA,,
Frank,Beck,1858,USA,,
Jim,Moore,1903,USA,1973,USA
Charlie,Devens,1910,USA,2003,USA
Dario,Alvarez,1989,D.R.,,
Lee,Thomas,1936,USA,,
Lefty,Thomas,1903,USA,1952,USA
Mike,Smith,1961,USA,,
Pete,Smith,1940,USA,,
Mason,Williams,1991,USA,,
Chris,Young,1983,USA,,
Edward,Cabrera,1998,D.R.,,
Joe,Mathes,1891,USA,1978,USA
Billy,Williams,1932,USA,2013,USA
Brandon,Marsh,1997,USA,,
Dee,Phillips,1919,USA,2004,USA
Jim,Devlin,1849,USA,1883,USA
Billy,Campbell,1873,USA,1957,USA
Larry,Gonzales,1967,USA,,
Jim,Kennedy,1946,USA,,
John,Glenn,1928,USA,,
Ted,Cox,1955,USA,2020,USA
Charlie,Ferguson,1863,USA,1888,USA
Fred,Nicholson,1894,USA,1972,USA
Arnold,Leon,1988,Mexico,,
Nick,Green,1978,USA,,
Freddy,Rodriguez,1924,Cuba,2009,USA
Jim,Wright,1900,United Kingdom,1963,USA
Luis,Marte,1993,D.R.,,
Len,Gabrielson,1915,USA,2000,USA
Ed,Sprague,1967,USA,,
Jake,Jones,1920,USA,2000,USA
Matt,Young,1958,USA,,
Bill,Buckner,1949,USA,2019,USA
Tod,Davis,1924,USA,1978,USA
George,Smith,1892,USA,1965,USA
Pat,Sullivan,1854,USA,1896,USA
Jose,Ortiz,1947,P.R.,2011,P.R.
Randy,Moore,1906,USA,1992,USA
Larry,Miller,1937,USA,2018,USA
Chad,Green,1991,USA,,
Roy,Smalley,1926,USA,2011,USA
Michael,Taylor,1991,USA,,
Rodney,Myers,1969,USA,,
Lars,Anderson,1987,USA,,
Ted,Lyons,1900,USA,1986,USA
Brian,Barber,1973,USA,,
Tom,Pratt,1844,USA,1908,USA
John,Sullivan,1941,USA,,
John,Kelly,1859,USA,1908,USA
Felix,Hernandez,1986,Venezuela,,
Art,Lopez,1937,P.R.,,
Damaso,Garcia,1957,D.R.,2020,D.R.
Luis,Jimenez,1982,Venezuela,,
Daryl,Thompson,1985,USA,,
Curt,Brown,1960,USA,,
Bill,Johnson,1960,USA,2018,USA
Dick,Scott,1933,USA,2020,USA
Bill,Webb,1895,USA,1943,USA
James,Morris,1860,USA,1925,USA
Marcus,Jones,1975,USA,,
Larry,Parrish,1953,USA,,
Fred,Thomas,,USA,,
John,Andreoli,1990,USA,,
Al,Shaw,1881,USA,1974,USA
Adam,Russell,1983,USA,,
Juan,Mateo,1982,D.R.,,
John,Stoneham,1908,USA,2004,USA
Paddy,Smith,1894,USA,1990,USA
Tony,Castillo,1963,Venezuela,,
Dee,Brown,1978,USA,,
Bob,Miller,1935,USA,,
Elmer,Miller,1890,USA,1944,USA
Carlos,Valderrama,1977,Venezuela,,
Marco,Hernandez,1992,D.R.,,
Dave,Smith,1914,USA,1998,USA
Andres,Santana,1968,D.R.,,
Alex,Cabrera,1971,Venezuela,,
Jack,Russell,1905,USA,1990,USA
Jack,Wallace,1890,USA,1960,USA
Bill,Lee,1946,USA,,
Jack,Doyle,1869,Ireland,1958,USA
Bill,White,1978,USA,,
Dan,Jennings,1960,USA,,
Don,Johnson,1926,USA,2015,USA
Marcus,Moore,1970,USA,,
Charlie,Starr,1878,USA,1937,USA
Con,Murphy,1863,USA,1914,USA
Danny,Garcia,1954,USA,,
Bill,White,1860,USA,1924,USA
Parson,Perryman,1888,USA,1966,USA
Denny,Driscoll,1855,USA,1886,USA
Rich,Scheid,1965,USA,,
Brad,Mills,1957,USA,,
Don,Leppert,1931,USA,,
Brandon,Berger,1975,USA,,
Ed,Hearne,1887,USA,1952,USA
Joe,Kelly,1988,USA,,
Charlie,Blackmon,1986,USA,,
Garrett,Cooper,1990,USA,,
Jim,Donnelly,1867,USA,1933,USA
John,Gillespie,1900,USA,1954,USA
Bill,Chambers,1888,USA,1962,USA
Jesus,Hernaiz,1945,P.R.,,
James,Graham,1865,USA,1935,USA
Brad,Mills,1985,USA,,
Bud,Thomas,1929,USA,2015,USA
Jeff,Richardson,1965,USA,,
Bill,Bailey,1881,USA,1967,USA
Al,Newman,1960,USA,,
Ray,Brown,1908,USA,1965,USA
Jerry,Zimmerman,1934,USA,1998,USA
Bobby,Brown,1924,USA,2021,USA
Mike,Diaz,1960,USA,,
Brandon,Villafuerte,1975,USA,,
Lloyd,Merriman,1924,USA,2004,USA
Rontrez,Johnson,1976,USA,,
Sam,Narron,1913,USA,1996,USA
Henry,Cruz,1952,V.I.,,
Mike,Ramsey,1960,USA,,
Billy,Gardner,1927,USA,,
Edward,Olivares,1996,Venezuela,,
Junior,Guerra,1985,Venezuela,,
Bull,Smith,1880,USA,1928,USA
Steve,Lombardozzi,1988,USA,,
Dave,Collins,1952,USA,,
Ricardo,Jordan,1970,USA,,
John,Castino,1954,USA,,
Bill,Miller,1879,Germany,1957,USA
Tony,Walker,1959,USA,,
Jordan,Smith,1986,USA,,
Joe,Burns,1916,USA,1974,USA
Miguel,Gonzalez,1990,Venezuela,,
Mack,Stewart,1914,USA,1960,USA
Alan,Mills,1966,USA,,
Tommy,Davis,1939,USA,,
Manny,Ramirez,1972,D.R.,,
Travis,Miller,1972,USA,,
David,Carpenter,1987,USA,,
Arcenio,Leon,1986,Venezuela,,
Bob,Porter,1959,USA,,
Albert,Hall,1958,USA,,
Vince,Gonzales,1925,Cuba,1981,Mexico
German,Gonzalez,1962,Venezuela,,
Larry,Johnson,1950,USA,2013,USA
Bobby,Clark,1955,USA,,
Bob,Smith,1974,USA,,
Jim,Riley,1895,CAN,1969,USA
Frank,Connaughton,1869,USA,1942,USA
Scott,Sanderson,1956,USA,2019,USA
Harry,Smith,1856,USA,1898,USA
Bob,Gibson,1957,USA,,
John,Greenig,1848,USA,1913,USA
Dan,Ford,1952,USA,,
Kevin,Brown,1965,USA,,
Ellis,Johnson,1892,USA,1965,USA
Chris,Smith,1981,USA,,
Leon,Williams,1905,USA,1984,USA
Bill,Conroy,1915,USA,1997,USA
Mike,Gonzalez,1890,Cuba,1977,Cuba
Adam,Peterson,1965,USA,,
Henry,Jones,1857,USA,1955,USA
Reed,Johnson,1976,USA,,
Bill,Crouch,1886,USA,1945,USA
Bernie,Williams,1948,USA,,
Ed,Walsh,1881,USA,1959,USA
Red,Smith,1890,USA,1966,USA
Bob,Perry,1934,USA,2017,USA
Earl,Averill,1902,USA,1983,USA
Dave,Martinez,1964,USA,,
Max,West,1904,USA,1971,USA
Luis,Gonzalez,1995,Mexico,,
Chris,Taylor,1990,USA,,
John,Rodriguez,1978,USA,,
Mike,Smithson,1955,USA,,
Dad,Clarkson,1866,USA,1911,USA
Jocko,Flynn,1864,USA,1907,USA
Jeff,Francoeur,1984,USA,,
Gavin,Cecchini,1993,USA,,
Hack,Miller,1913,USA,1966,USA
Mike,Johnson,1975,CAN,,
Marty,Keough,1934,USA,,
Dan,O'Brien,1954,USA,,
Johnny,Allen,1904,USA,1959,USA
Tom,Baker,1913,USA,1991,USA
Ren,Kelly,1899,USA,1963,USA
Glenn,Liebhardt,1883,USA,1956,USA
Bubba,Harris,1926,USA,2013,USA
Bill,Kennedy,1918,USA,1995,USA
Frank,Robinson,1935,USA,2019,USA
Michael,Campbell,1850,Ireland,1926,USA
Darryl,Jones,1951,USA,,
Brandon,Phillips,1981,USA,,
Cal,Ripken,1960,USA,,
Bill,Hunter,1855,CAN,1918,USA
Vince,Castino,1917,USA,1967,USA
Joba,Chamberlain,1985,USA,,
Gene,Moriarty,1863,USA,1904,USA
Angel,Chavez,1981,Panama,,
Jack,O'Brien,1860,USA,1910,USA
Charley,Hall,1884,USA,1943,USA
Tayler,Scott,1992,South Africa,,
Tyler,Greene,1983,USA,,
Carlos,Rivero,1988,Venezuela,,
Charlie,Hall,1863,USA,1921,USA
Tommy,Smith,1948,USA,,
Rafael,Lopez,1987,USA,,
Dave,Campbell,1951,USA,,
Joe,Kennedy,1979,USA,2007,USA
Tom,Fisher,1942,USA,2016,USA
Marty,Sullivan,1862,USA,1894,USA
Joe,Walsh,1917,USA,1996,USA
Jim,Hughes,1951,USA,,
Tom,Brewer,1931,USA,2018,USA
Tom,Gilles,1962,USA,,
James,Russell,1986,USA,,
Al,Martin,1967,USA,,
Jimmy,Rogers,1967,USA,,
Bill,Moran,1950,USA,,
John,O'Connell,1904,USA,1992,USA
Charlie,Beamon,1934,USA,2016,USA
Al,Shaw,1873,United Kingdom,1958,USA
Hansel,Izquierdo,1977,Cuba,,
Matt,Young,1982,USA,,
Fernando,Rodriguez,1984,USA,,
Jack,Wilson,1977,USA,,
Craig,Wilson,1976,USA,,
Mike,Stanley,1963,USA,,
Mel,Stottlemyre,1963,USA,,
Jim,Wilson,1922,USA,1986,USA
Dave,Smith,1955,USA,2008,USA
Art,Johnson,1897,USA,1982,USA
Chink,Taylor,1898,USA,1980,USA
Henry,Rodriguez,1987,Venezuela,,
Eloy,Jimenez,1996,D.R.,,
Rex,Barney,1924,USA,1997,USA
Gary,Matthews,1974,USA,,
Kevin,Smith,1996,USA,,
Tom,Morrissey,1860,USA,1941,USA
Rafael,Valdez,1967,D.R.,,
Doc,Marshall,1875,USA,1959,USA
Jason,Boyd,1973,USA,,
Cobe,Jones,1907,USA,1969,USA
Jason,Johnson,1973,USA,,
Stu,Clarke,1906,USA,1985,USA
Guillermo,Rodriguez,1978,Venezuela,,
Kerwin,Moore,1970,USA,,
Gary,Brown,1988,USA,,
Ed,Hearn,1960,USA,,
Joe,Connolly,1894,USA,1960,USA
Bobby,Moore,1965,USA,,
Sandy,Alomar,1943,P.R.,,
Rob,Johnson,1982,USA,,
Johnny,Guzman,1971,D.R.,,
Ward,Miller,1884,USA,1958,USA
Spencer,Adams,1898,USA,1970,USA
Ed,Glenn,1860,USA,1892,USA
Jacob,Doyle,1855,USA,1941,USA
Jordan,Patterson,1992,USA,,
Jose,Rodriguez,1974,P.R.,,
Ed,Mayer,1931,USA,2015,USA
Edwin,Diaz,1975,P.R.,,
Ramon,Castro,1979,Venezuela,,
Kevin,Rogers,1968,USA,,
Todd,Walker,1973,USA,,
Mike,Heathcott,1969,USA,,
Chris,Hatcher,1985,USA,,
Roger,Cedeno,1974,Venezuela,,
Danny,Murphy,1876,USA,1955,USA
Doc,Wallace,1893,USA,1964,USA
Dave,Davidson,1984,CAN,,
Santiago,Rosario,1939,P.R.,2013,P.R.
Roger,Clemens,1962,USA,,
Ed,Plank,1952,USA,,
Casey,Sadler,1990,USA,,
Dad,Clark,1873,USA,1956,USA
Bob,Clark,1897,USA,1944,USA
Todd,Greene,1971,USA,,
Terry,Lyons,1908,USA,1959,USA
John,Bates,1868,USA,1919,USA
Jack,Bradley,1893,USA,1969,USA
Gene,Stone,1944,USA,2009,USA
John,Sullivan,1890,USA,1966,USA
Luis,Garcia,2000,USA,,
Bob,Bowman,1910,USA,1972,USA
Ed,Taylor,1877,USA,1912,USA
Roger,Miller,1954,USA,1993,USA
Sam,McConnell,1895,USA,1981,USA
Ed,Morgan,1904,USA,1980,USA
Joe,Chamberlain,1910,USA,1983,USA
Joe,Schaffernoth,1937,USA,2016,USA
John,Stone,1905,USA,1955,USA
Brad,Miller,1989,USA,,
Bobby,Wilson,1983,USA,,
Bo,Schultz,1985,USA,,
Danny,Murphy,1864,USA,1915,USA
Jimmy,Nelson,1989,USA,,
Dan,Robertson,1985,USA,,
Ira,Davis,1870,USA,1942,USA
Bob,Ferguson,1845,USA,1894,USA
Ronny,Miller,1918,USA,1998,USA
Phil,Clark,1968,USA,,
Walter,Morris,1880,USA,1961,USA
Lamar,Johnson,1950,USA,,
Ed,Mayer,1865,USA,1946,USA
Abe,Johnson,,USA,,
Jack,Warner,1872,USA,1943,USA
Rob,Ryan,1973,USA,,
Josh,Rojas,1994,USA,,
Hal,Smith,1931,USA,2014,USA
Jose,Ramirez,1990,D.R.,,
Tom,O'Brien,1860,USA,1921,USA
Ben,Taylor,1888,USA,1953,USA
Kevin,Thompson,1979,USA,,
Cy,Morgan,1895,USA,1946,USA
Eddie,Miller,1957,USA,,
Hector,Villanueva,1964,P.R.,,
Michael,Taylor,1985,USA,,
Joe,Sullivan,1910,USA,1985,USA
Jophery,Brown,1945,USA,2014,USA
Julie,Freeman,1868,USA,1921,USA
Jon,Knott,1978,USA,,
Jack,Warner,1940,USA,,
Scott,Lewis,1983,USA,,
Steve,Larkin,1910,USA,1969,USA
Rocky,Nelson,1924,USA,2006,USA
Pop,Smith,1856,CAN,1927,USA
Francisco,Rodriguez,1982,Venezuela,,
Jordy,Mercer,1986,USA,,
Mickey,Rivers,1948,USA,,
Bill,Murray,1893,USA,1943,USA
Nelson,Cruz,1980,D.R.,,
Dick,Carroll,1884,USA,1945,USA
Freddie,Martinez,1957,USA,,
Nelson,Cruz,1972,D.R.,,
Mac,Williamson,1990,USA,,
Daren,Brown,1967,USA,,
Pavin,Smith,1996,USA,,
Brian,Barnes,1967,USA,,
David,Ortiz,1975,D.R.,,
Jim,Greengrass,1927,USA,2019,USA
Mike,Stanton,1952,USA,,
Brad,Davis,1982,USA,,
Andrew,Brown,1984,USA,,
Howie,Clark,1974,USA,,
Herbert,Hill,1891,USA,1970,USA
Julio,Franco,1958,D.R.,,
Toby,Borland,1969,USA,,
John,Wilson,1890,USA,1954,USA
Madison,Younginer,1990,USA,,
Harvey,Smith,1871,USA,1962,USA
Lariel,Gonzalez,1976,D.R.,,
John,Scott,1887,USA,1962,USA
Roy,Sanders,1894,USA,1963,USA
Bob,Allen,1867,USA,1943,USA
Steve,Partenheimer,1891,USA,1971,USA
Joe,Millette,1965,USA,,
Bruce,Billings,1985,USA,,
Bobby,Estalella,1974,USA,,
Jim,Snyder,1847,USA,1922,USA
Dutch,Leonard,1892,USA,1952,USA
Dave,Roberts,1933,Panama,2021,USA
George,Davis,1870,USA,1940,USA
Brett,Bochy,1987,USA,,
Al,Martin,1847,USA,1926,USA
Christian,Walker,1991,USA,,
Harry,Rice,1901,USA,1971,USA
Scott,Taylor,1967,USA,,
Matt,Hall,1993,USA,,
Charley,Smith,1937,USA,1994,USA
Matt,Alexander,1947,USA,,
Deacon,Jones,1934,USA,,
John,Snyder,1974,USA,,
Bill,Stellbauer,1894,USA,1974,USA
Keith,Smith,1961,USA,,
Mark,Corey,1974,USA,,
Johnny,Kling,1875,USA,1947,USA
Runelvys,Hernandez,1978,D.R.,,
Mark,Johnson,1975,USA,,
Jay,Parker,1874,USA,1935,USA
Bernie,James,1905,USA,1994,USA
Fred,Smith,1865,USA,1926,USA
Jerry,Harrington,1868,USA,1913,USA
Bubba,Phillips,1928,USA,1993,USA
Daryl,Robertson,1936,USA,2018,USA
John,Dillon,,USA,,
Rich,Robertson,1968,USA,,
Home Run,Baker,1886,USA,1963,USA
Jake,Fox,1982,USA,,
Edwin,Diaz,1994,P.R.,,
Mike,Thompson,1949,USA,,
Mark,Watson,1974,USA,,
Jim,Murray,1878,USA,1945,USA
George,Harper,1892,USA,1978,USA
J. D.,Martin,1983,USA,,
Lew,Krausse,1943,USA,2021,USA
David,Martinez,1987,Venezuela,,
Jim,Clark,1927,USA,1990,USA
Joe,Wall,1873,USA,1936,USA
Bruce,Bochy,1955,France,,
Rex,Johnston,1937,USA,2019,USA
Bill,Gleason,1868,USA,1893,USA
Franklin,Barreto,1996,Venezuela,,
Hal,Smith,1930,USA,2020,USA
David,Green,1960,Nicaragua,2022,USA
Cleon,Jones,1942,USA,,
Pat,Malone,1902,USA,1943,USA
Jordany,Valdespin,1987,D.R.,,
Mike,Jacobs,1980,USA,,
George,Bell,1874,USA,1941,USA
Joel,Youngblood,1951,USA,,
Henry,Villar,1987,D.R.,,
Dave,Roberts,1951,USA,,
Dave,Roberts,1972,Japan,,
Leon,Brown,1948,USA,,
Mike,Bacsik,1952,USA,,
Will,Clark,1964,USA,,
Jonathan,Davis,1992,USA,,
Bob,Johnson,1943,USA,,
Fred,Robinson,1856,USA,1933,USA
Jack,Powell,1874,USA,1944,USA
Roberto,Ramirez,1971,Mexico,,
Dale,Williams,1855,USA,1939,USA
Mark,Freeman,1930,USA,2006,USA
Delino,DeShields,1969,USA,,
Mike,Ryan,1868,USA,1935,USA
Johnny,Bates,1884,USA,1949,USA
Jack,Ryan,1905,USA,1967,USA
Tommy,Thompson,1910,USA,1971,USA
Rick,Anderson,1953,USA,1989,USA
Joe,Dillon,1975,USA,,
Hal,Elliott,1899,USA,1963,USA
Warren,Miller,1885,USA,1956,USA
Bill,Holland,1915,USA,1997,USA
Lee,King,1892,USA,1967,USA
Paul,Smith,1888,USA,1958,USA
Alberto,Castillo,1970,D.R.,,
Rosy,Ryan,1898,USA,1980,USA
Sammy,White,1927,USA,1991,USA
Adolis,Garcia,1993,Cuba,,
Josh,Barfield,1982,Venezuela,,
Rip,Jordan,1889,USA,1960,USA
Pete,O'Brien,1867,USA,1937,USA
Fernando,Martinez,1988,D.R.,,
Pat,Scanlon,1861,CAN,1913,USA
Jake,Powell,1908,USA,1948,USA
Brian,Anderson,1982,USA,,
Beau,Taylor,1990,USA,,
Roy,Thomas,1953,USA,,
Bill,Morgan,1856,USA,1908,USA
Tom,Carroll,1936,USA,2021,USA
Ramiro,Pena,1985,Mexico,,
Rube,Foster,1888,USA,1976,USA
Robel,Garcia,1993,D.R.,,
Sad Sam,Jones,1892,USA,1966,USA
Bill,Moran,1869,USA,1916,USA
Joe,Coleman,1922,USA,1997,USA
Alberto,Gonzalez,1983,Venezuela,,
Toby,Lyons,1869,USA,1920,USA
Martin,Perez,1991,Venezuela,,
Bob,Logan,1910,USA,1978,USA
Luis,Garcia,1987,D.R.,,
Tom,Brown,1940,USA,,
Skippy,Roberge,1917,USA,1993,USA
Bob,Higgins,1886,USA,1941,USA
Danny,Murphy,1942,USA,,
Tom,Carroll,1952,USA,,
Armando,Reynoso,1966,Mexico,,
Eddie,Perez,1968,Venezuela,,
Bill,Smith,1934,USA,1997,USA
Jay,Howell,1955,USA,,
Dale,Willis,1938,USA,,
Harvey,Green,1915,USA,1970,USA
John,Flynn,1883,USA,1935,USA
Harry,Smith,1890,USA,1922,USA
Alex,Johnson,1942,USA,2015,USA
Hank,Allen,1940,USA,,
Al,Jackson,1935,USA,2019,USA
Carlos,Hernandez,1980,Venezuela,,
Roy,Johnson,1903,USA,1973,USA
Boone,Logan,1984,USA,,
Chris,Peters,1972,USA,,
Macay,McBride,1982,USA,,
Ed,Morris,1862,USA,1937,USA
Abraham,Nunez,1977,D.R.,,
Dan,Smith,1975,USA,,
Derek,Lee,1966,USA,,
Jim,McKee,1947,USA,2002,USA
Alberto,Castillo,1975,Cuba,,
Frank,Barrett,1913,USA,1998,USA
Santiago,Perez,1975,D.R.,,
Luis,Castillo,1992,D.R.,,
Tom,Daly,1866,USA,1938,USA
Chris,Brown,1961,USA,2006,USA
Joe,Murphy,1866,USA,1951,USA
Tom,Carey,1906,USA,1970,USA
Bill,Sweeney,1858,USA,1903,USA
John,Fitzgerald,1933,USA,,
John,Stephens,1979,Australia,,
Jack,Smith,1895,USA,1972,USA
Curtis,Brown,1945,USA,,
Hack,Wilson,1900,USA,1948,USA
Dax,Jones,1970,USA,,
Willson,Contreras,1992,Venezuela,,
Joe,Price,1956,USA,,
Scott,Moore,1983,USA,,
Alec,Mills,1991,USA,,
Steve,Barber,1938,USA,2007,USA
Tommy,Tucker,1863,USA,1935,USA
Chico,Garcia,1924,Mexico,2007,Mexico
Doc,Martin,1887,USA,1935,USA
Carlos,Perez,1990,Venezuela,,
Tom,Tuckey,1884,USA,1950,USA
Dan,Adams,1887,USA,1964,USA
John,O'Neill,,USA,,
Billy,Hunter,1928,USA,,
Jason,Thompson,1954,USA,,
Billy,Hamilton,1990,USA,,
Johnny,Humphries,1915,USA,1965,USA
Jon,Morrison,1859,CAN,,
Tony,Lyons,1891,USA,1981,USA
Chad,Fox,1970,USA,,
Jeff,Gray,1981,USA,,
Chico,Ruiz,1938,Cuba,1972,USA
Pete,Rose,1941,USA,,
Johnny,Morrison,1895,USA,1966,USA
Ken,Hunt,1938,USA,2008,USA
Justin,Miller,1987,USA,,
John,Mayberry,1983,USA,,
Dan,Porter,1931,USA,,
Erik,Davis,1986,USA,,
Jason,Garcia,1992,USA,,
Ron,Davis,1941,USA,1992,USA
Dixie,Howell,1920,USA,1960,USA
Joe,Ryan,1996,USA,,
Jo-Jo,White,1909,USA,1986,USA
Bert,Graham,1886,USA,1971,USA
Jake,Brown,1948,USA,1981,USA
Jocko,Fields,1864,Ireland,1950,USA
Harry,Taylor,1935,USA,2013,USA
Dad,Hale,1880,USA,1946,USA
Jack,O'Connor,1866,USA,1937,USA
Juan,Perez,1978,D.R.,,
Will,Harris,1984,USA,,
Pat,Scanlon,1952,USA,,
Chad,Bell,1989,USA,,
Mike,Sullivan,1870,USA,1906,USA
Alex,Diaz,1968,USA,,
Dee,Sanders,1921,USA,2007,USA
Joe,Coleman,1947,USA,,
Ross,Grimsley,1950,USA,,
Joe,Jenkins,1890,USA,1974,USA
Jacob,Fox,1878,USA,1947,USA
Tommy,McCarthy,1863,USA,1922,USA
Tony,Clark,1972,USA,,
Mike,Gonzalez,1978,USA,,
Keith,Smith,1953,USA,,
Jose,Morales,1983,P.R.,,
Nick,Cullop,1900,USA,1978,USA
Greg,Smith,1967,USA,,
Hal,Schumacher,1910,USA,1993,USA
Eddie,Phillips,1930,USA,2010,USA
Lefty,Scott,1915,USA,1964,USA
Jeremy,Hill,1977,USA,,
John,Valentine,1855,USA,1903,USA
Heinz,Becker,1915,Germany,1991,USA
Bill,Swift,1961,USA,,
Mike,O'Neill,1877,Ireland,1959,USA
Eddie,Plank,1875,USA,1926,USA
Willie,Adams,1890,USA,1937,USA
Todd,Burns,1963,USA,,
Bill,Earley,1956,USA,,
Kelvin,Moore,1957,USA,2014,USA
George,Walker,1860,CAN,,
Bill,White,1860,USA,1937,USA
Josh,Anderson,1982,USA,,
Jordan,Zimmermann,1986,USA,,
Bryan,Petersen,1986,USA,,
Anthony,Castro,1995,Venezuela,,
Max,Ramirez,1984,Venezuela,,
Charlie,Moore,1953,USA,,
Hank,Izquierdo,1931,Cuba,2015,USA
Gene,Ford,1912,USA,1970,USA
Camilo,Pascual,1934,Cuba,,
Jose,Abreu,1987,Cuba,,
Frank,Nicholson,1889,USA,1972,USA
Johnny,Moore,1902,USA,1991,USA
Henry,Youngman,1865,Germany,1936,USA
Johnny,Field,1992,USA,,
Bob,Rothel,1923,USA,1984,USA
Chick,Starr,1911,USA,1991,USA
Bob,Ferguson,1919,USA,2008,USA
Cesar,Hernandez,1966,D.R.,,
Francisco,Rodriguez,1983,Mexico,,
Brandon,Jones,1983,USA,,
Charles,Hudson,1959,USA,,
Mike,Walker,1966,USA,,
Bill,Graham,1937,USA,2006,USA
Garin,Cecchini,1991,USA,,
Jim,Devlin,1866,USA,1900,USA
Eddie,Murray,1956,USA,,
Jim,Adduci,1985,CAN,,
Hack,Schumann,1884,USA,1946,USA
Jack,McMahan,1932,USA,2020,USA
Herman,Hill,1945,USA,1970,Venezuela
Rinaldo,Williams,1893,USA,1966,USA
Marty,Barrett,1860,USA,1910,USA
Gee,Walker,1908,USA,1981,USA
Earl,Smith,1928,USA,2014,USA
Jamie,Burke,1971,USA,,
Joel,Adamson,1971,USA,,
Harry,Elliott,1923,USA,2013,USA
Charlie,Reilley,1856,USA,1904,USA
John,Milligan,1904,USA,1972,USA
Bryan,Price,1986,USA,,
Brian,Miller,1995,USA,,
Anthony,Young,1966,USA,2017,USA
Ed,Wheeler,1915,USA,1983,USA
Frank,Pearce,1860,USA,1926,USA
John,Mayberry,1949,USA,,
Ryan,Thompson,1967,USA,,
Todd,Jones,1968,USA,,
Rod,Craig,1958,USA,2013,USA
Jim,Price,1941,USA,,
Angel,Sanchez,1989,D.R.,,
Dick,Williams,1929,USA,2011,USA
Jose,Ramirez,1992,D.R.,,
Ban,Johnson,1865,USA,1931,USA
Colin,Ward,1960,USA,,
Wes,Schulmerich,1901,USA,1985,USA
Chris,Zachary,1944,USA,2003,USA
Manny,Castillo,1957,D.R.,,
Matthew,Brown,1982,USA,,
Gary,Wilson,1879,USA,1969,USA
Ramon,Martinez,1972,USA,,
Ken,Smith,1958,USA,,
Ruben,Amaro,1936,Mexico,2017,USA
Josh,Johnson,1984,USA,,
Joe,Smith,1893,USA,1974,USA
Joe,Green,1897,USA,1972,USA
John,O'Donnell,,USA,,
Joe,Heving,1900,USA,1970,USA
Deacon,Jones,1893,USA,1952,USA
Dan,Sherman,1890,USA,1955,USA
Pablo,Sandoval,1986,Venezuela,,
Woody,Williams,1966,USA,,
Casey,Kelly,1989,USA,,
Eddie,Foster,1887,USA,1937,USA
Jason,Phillips,1974,USA,,
Scott,Sanders,1969,USA,,
Devin,Williams,1994,USA,,
Bobby,Higginson,1970,USA,,
Chris,Robinson,1984,CAN,,
George,Derby,1857,USA,1925,USA
Michael,Brantley,1987,USA,,
Mark,Davis,1964,USA,,
Bernie,Williams,1968,P.R.,,
George,Burns,1893,USA,1978,USA
Johnny,Davis,1990,USA,,
Jason,Martin,1995,USA,,
Jason,Phillips,1976,USA,,
Carlos,Martinez,1982,D.R.,,
Dixie,Carroll,1891,USA,1984,USA
Charlie,Gibson,1899,USA,1990,USA
Marty,Hogan,1869,United Kingdom,1923,USA
Joe,Stanley,,USA,,
Matt,Anderson,1976,USA,,
Pat,Clements,1962,USA,,
Lefty,Williams,1893,USA,1959,USA
Kyle,Waldrop,1985,USA,,
Charlie,Bell,1868,USA,1937,USA
Josh,Fields,1982,USA,,
Darnell,Sweeney,1991,USA,,
Andy,Harrington,1903,USA,1979,USA
Mike,Martin,1958,USA,,
Brad,Holman,1968,USA,,
Art,Johnson,1919,USA,2008,USA
Joe,Berger,1886,USA,1956,USA
Billy,Evans,1884,USA,1956,USA
Ted,Abernathy,1921,USA,2001,USA
Chris,Devenski,1990,USA,,
Deck,McGuire,1989,USA,,
John,McGraw,1890,USA,1967,USA
Joe,Kelly,1900,USA,1967,USA
Tom,Baker,1934,USA,1980,USA
Luis,Gonzalez,1979,Venezuela,,
Jorge,Lopez,1993,P.R.,,
Ernie,Young,1969,USA,,
Buck,Freeman,1896,USA,1953,USA
Willie,Wilson,1955,USA,,
Mark,McLemore,1980,USA,,
Charlie,Miller,1877,USA,1951,USA
Justin,Freeman,1986,USA,,
Chris,Carter,1986,USA,,
Wally,Hood,1925,USA,2001,USA
Bob,Smith,1928,USA,2003,USA
Harry,Thompson,1889,USA,1951,USA
Mike,Schultz,1979,USA,,
Josh,Snyder,1844,USA,1881,USA
Tom,Miller,1850,USA,1876,USA
Marino,Salas,1981,D.R.,,
Don,Williams,1931,USA,2011,USA
Joe,Harris,1882,USA,1966,USA
Rony,Garcia,1997,D.R.,,
Billy,Southworth,1893,USA,1969,USA
Bill,Rodgers,1922,USA,2002,USA
Gary,Sanchez,1992,D.R.,,
Don,Williams,1935,USA,1991,USA
Bunky,Stewart,1931,USA,2007,USA
James,Jones,1988,USA,,
Dave,Downs,1952,USA,,
James,Burke,,USA,,
David,Murphy,1981,USA,,
Ed,Sprague,1945,USA,2020,USA
Joe,Berry,1872,USA,1961,USA
Billy,Williams,1938,USA,,
Tony,York,1912,USA,1970,USA
Tony,Gwynn,1982,USA,,
Darby,O'Brien,1863,USA,1893,USA
Brian,Johnson,1990,USA,,
Caleb,Smith,1991,USA,,
Bill,Harris,1930,CAN,2011,USA
Bruce,Miller,1947,USA,,
Javy,Guerra,1995,Panama,,
John,Burke,1970,USA,,
Hal,Smith,1902,USA,1992,USA
Bill,Smith,,USA,,
Jose,Herrera,1972,D.R.,,
Billy,Cox,1919,USA,1978,USA
Jake,Miller,1895,USA,1974,USA
Frank,Johnson,1942,USA,,
Eddie,Murphy,1891,USA,1969,USA
Jack,Graham,1916,USA,1998,USA
Ed,Connolly,1908,USA,1963,USA
Hector,Wagner,1968,D.R.,2017,USA
John,Scott,1952,USA,,
Broadway,Jones,1898,USA,1977,USA
Rondin,Johnson,1958,USA,,
Jim,Smith,1954,USA,,
John,Michaelson,1893,Finland,1968,USA
Heinie,Mueller,1899,USA,1975,USA
Kelly,Johnson,1982,USA,,
Mike,Corcoran,1858,USA,1927,USA
Daniel,Robertson,1994,USA,,
Jordan,Danks,1986,USA,,
Joe,Hudson,1991,USA,,
Tommy,Glaviano,1923,USA,2004,USA
Bob,Smith,1930,USA,2013,USA
George,Meyer,1909,USA,1992,USA
Bryan,Anderson,1986,USA,,
Steve,Jones,1941,USA,,
Felix,Rodriguez,1972,D.R.,,
LeGrant,Scott,1910,USA,1993,USA
Jeff,Baker,1981,Germany,,
Bill,Hallman,1867,USA,1920,USA
Bunny,Hearn,1904,USA,1974,USA
Jimmy,Walsh,1886,USA,1947,USA
Jim,Poole,1895,USA,1975,USA
Dan,Mahoney,1864,USA,1904,USA
Christin,Stewart,1993,USA,,
Boileryard,Clarke,1868,USA,1959,USA
Sean,Whiteside,1971,USA,,
Reggie,Sanders,1967,USA,,
Bob,Adams,1907,USA,1970,USA
Jerry,Hairston,1976,USA,,
Brickyard,Kennedy,1867,USA,1915,USA
Tom,Walker,1881,USA,1944,USA
Dana,Williams,1963,USA,,
Lloyd,Merritt,1933,USA,,
Jack,Taylor,1873,USA,1938,USA
Mike,Perez,1964,P.R.,,
Dan,Meyer,1981,USA,,
Jeff,Grotewold,1965,USA,,
Bret,Barberie,1967,USA,,
Heinie,Mueller,1912,USA,1986,USA
Damon,Jones,1994,USA,,
Jack,Franklin,1919,USA,1991,USA
Micah,Franklin,1972,USA,,
Jim,Donahue,1862,USA,1935,USA
Jack,Wilson,1912,USA,1995,USA
Mike,Jones,1959,USA,,
John,Schultz,,USA,,
Jose,Cruz,1974,P.R.,,
Chick,Smith,1892,USA,1935,USA
Johnny,McCarthy,1910,USA,1973,USA
Javy,Guerra,1985,USA,,
Jim,Austin,1963,USA,,
Rafael,Ramirez,1958,D.R.,,
Lefty,Willis,1905,USA,1962,USA
Joe,Knotts,1884,USA,1950,USA
John,Quinn,1885,USA,1956,USA
Jeff,D'Amico,1974,USA,,
Jim,Morris,1964,USA,,
Mike,Smith,1868,USA,1945,USA
Don,Rader,1893,USA,1983,USA
George,Wright,1847,USA,1937,USA
Jack,Robinson,1921,USA,2000,USA
Jose,Valdez,1983,D.R.,,
Jack,Warner,1903,USA,1986,USA
Dick,Smith,1926,USA,2021,USA
Jai,Miller,1985,USA,,
Nick,Greenwood,1987,USA,,
Tommy,Sheehan,1877,USA,1959,Panama
Joe,Wood,1919,USA,1985,USA
John,Morrill,1855,USA,1932,USA
Mitch,Harris,1985,USA,,
George,Blackerby,1903,USA,1987,USA
Dave,Anderson,1960,USA,,
Reggie,Williams,1966,USA,,
Jim,Kennedy,1862,USA,1904,USA
Marv,Olson,1907,USA,1998,USA
Bucky,Jacobs,1913,USA,1990,USA
Willard,Brown,1915,USA,1996,USA
Matt,Diaz,1978,USA,,
Joe,Harris,1891,USA,1959,USA
Frank,Thompson,1852,Portugal,1925,USA
Tom,Brown,1860,United Kingdom,1927,USA
Brett,Butler,1957,USA,,
Mark,Johnson,1975,USA,,
Hank,Steinbacher,1913,USA,1977,USA
David,Jones,1861,USA,1937,USA
Jack,Jones,1860,USA,1936,USA
John,Valentin,1967,USA,,
Joe,Harrington,1869,USA,1933,USA
Billy,Taylor,1870,USA,1905,USA
Ike,Davis,1987,USA,,
Artie,Wilson,1920,USA,2010,USA
Austin,Adams,1991,USA,,
Howard,Baker,1888,USA,1964,USA
Chris,Roberson,1979,USA,,
Orlin,Collier,1907,USA,1944,USA
Dale,Coogan,1930,USA,1989,USA
Josh,Smith,1989,USA,,
Charlie,Lindstrom,1936,USA,2021,USA
Stan,Johnson,1937,USA,2012,USA
Walt,Miller,1883,USA,1956,USA
Eddie,Collins,1887,USA,1951,USA
Ken,Johnson,1933,USA,2015,USA
Josh,Butler,1984,USA,,
Jim,Hughey,1869,USA,1945,USA
Scott,Carroll,1984,USA,,
Mike,Anderson,1951,USA,,
Shawn,Hillegas,1964,USA,,
Ed,Kenna,1877,USA,1912,USA
Charlie,Morton,1983,USA,,
Jake,Daniel,1911,USA,1995,USA
Riley,Adams,1996,USA,,
Randy,Miller,1953,USA,,
Bill,Hart,1865,USA,1936,USA
Alejo,Lopez,1996,Mexico,,
Rick,Williams,1952,USA,,
Eduardo,Perez,1969,USA,,
Julio,Cruz,1954,USA,,
John,Ryan,,USA,,
Lance,Johnson,1963,USA,,
Joseph,Burns,1889,USA,1987,USA
Dick,Schofield,1935,USA,,
Jack,Meyer,1932,USA,1967,USA
Bobby,Mitchell,1955,USA,,
Hersh,Martin,1909,USA,1980,USA
Keith,Miller,1963,USA,,
Dick,Harley,1872,USA,1952,USA
Ben,Johnson,1981,USA,,
John,Allen,1890,USA,1967,USA
Harry,Smith,1874,United Kingdom,1933,USA
Frankie,Rodriguez,1972,USA,,
Billy,Burns,1989,USA,,
Bill,Butler,1947,USA,,
Brett,Anderson,1988,USA,,
John,Morris,1941,USA,,
Chappie,McFarland,1875,USA,1924,USA
George,Baker,1857,USA,1915,USA
Johnny,James,1933,USA,,
Fred,Martin,1915,USA,1979,USA
Jonathan,Holder,1993,USA,,
Jake,Smith,1887,USA,1948,USA
Jim,Walsh,1894,USA,1967,USA
Ozzie,Virgil,1956,P.R.,,
Matt,Grace,1988,USA,,
Marsh,Williams,1893,USA,1935,USA
Dad,Clarke,1865,USA,1911,USA
Bill,Doran,1958,USA,,
Mike,Fitzgerald,1960,USA,,
Jose,Torres,1993,Venezuela,,
Hector,Rodriguez,1920,Cuba,2003,Mexico
Ken,Griffey,1969,USA,,
Johnny,Vander Meer,1914,USA,1997,USA
Josh,Stewart,1978,USA,,
John,Gibbons,1962,USA,,
Luis,Lopez,1973,USA,,
Bernie,Graham,1860,USA,1886,USA
Mike,Willis,1950,USA,,
Ed,Walsh,1905,USA,1937,USA
George,Young,1890,USA,1950,USA
Willie,Davis,1940,USA,2010,USA
Ed,Smith,1863,CAN,1948,CAN
Tim,Raines,1959,USA,,
Aleck,Smith,1871,USA,1919,USA
Brian,Anderson,1972,USA,,
Delwyn,Young,1982,USA,,
Ed,Donnelly,1879,USA,1957,USA
Delos,Brown,1892,USA,1964,USA
Charlie,Gray,1864,USA,1900,USA
Carlos,Martinez,1991,D.R.,,
Fred,Brown,1879,USA,1955,USA
Bob,Brown,1911,USA,1990,USA
Storm,Davis,1961,USA,,
Greg,Olson,1960,USA,,
Jack,O'Connor,1958,USA,,
Jeff,Heath,1915,CAN,1975,USA
Bob,Wilson,1925,USA,1985,USA
John,Michaels,1907,USA,1996,USA
Cleatus,Davidson,1976,USA,,
John,Russell,1894,USA,1930,USA
Bill,Gardner,1866,USA,1948,USA
Aledmys,Diaz,1990,Cuba,,
Joe,Gonzales,1915,USA,1996,USA
John,Vander Wal,1966,USA,,
Bill,Jones,,USA,,
Jimmy,Moore,1903,USA,1986,USA
Earl,Averill,1931,USA,2015,USA
Mike,Ryan,1941,USA,2020,USA
Ray,Miller,1888,USA,1927,USA
Jaime,Garcia,1986,Mexico,,
Mark,Brownson,1975,USA,2017,USA
Red,Smith,1899,USA,1961,USA
Jeff,Reardon,1955,USA,,
Delino,DeShields,1992,USA,,
Bob,Adams,1901,USA,1996,USA
Jim,Poole,1966,USA,,
Tom,O'Brien,1873,USA,1901,USA
Jim,Brown,1860,USA,1908,USA
Joe,Quinn,1862,Australia,1940,USA
Charlie,Maloney,1886,USA,1967,USA
Joe,Bennett,1900,USA,1987,USA
Bob,Osborn,1903,USA,1960,USA
Joe,Connors,1862,USA,1891,USA
Jon,Jay,1985,USA,,
Rich,Thompson,1979,USA,,
Jim,Campbell,1937,USA,,
Micah,Johnson,1990,USA,,
Sam,Crane,1854,USA,1925,USA
Leo,Gomez,1966,P.R.,,
Jonathan,Herrera,1984,Venezuela,,
Willie,Harris,1978,USA,,
Steve,Davis,1953,USA,,
Colby,Rasmus,1986,USA,,
Jim,Roberts,1895,USA,1984,USA
Charlie,Morton,1854,USA,1921,USA
Dave,McDonald,1943,USA,2017,USA
Ramon,Ramirez,1981,D.R.,,
Roy Lee,Jackson,1954,USA,,
Bill,Sweeney,1904,USA,1957,USA
Erasmo,Ramirez,1990,Nicaragua,,
Billy,Lee,1894,USA,1984,USA
David,Carpenter,1985,USA,,
George,Bradley,1914,USA,1982,USA
Ted,Kennedy,1865,USA,1907,USA
Jimmy,Johnston,1889,USA,1967,USA
Minnie,Rojas,1933,Cuba,2002,USA
Bob,Miller,1939,USA,1993,USA
Dan,Cortes,1987,USA,,
Rod,Myers,1973,USA,,
Chris,Jones,1965,USA,,
Jose,DeLeon,1960,D.R.,,
Jack,Morrissey,1876,USA,1936,USA
Mark,McLemore,1964,USA,,
Jaylin,Davis,1994,USA,,
Luis,Ortiz,1970,D.R.,,
Matt,Williams,1959,USA,,
Charlie,Jones,1861,USA,1922,USA
Red,Smith,1892,USA,1970,USA
Charlie,Daniels,1861,USA,1938,USA
Luis,Jimenez,1988,D.R.,,
Jason,Jones,1976,USA,,
David,Hale,1987,USA,,
Bill,Lindsay,1881,USA,1963,USA
Lance,Blankenship,1963,USA,,
Bruce,Zimmermann,1995,USA,,
Bill,Barrett,,USA,,
Jim,Wright,1955,USA,,
Dominic,Smith,1995,USA,,
Andy,Sommerville,1876,USA,1931,USA
David,Williams,1979,USA,,
Tommy,Johns,1851,USA,1927,USA
Johnny,Antonelli,1930,USA,2020,USA
Frank,Demaree,1910,USA,1958,USA
Ted,Turner,1938,USA,,
Mike,Darr,1976,USA,2002,USA
Alex,Sanchez,1976,Cuba,,
Ryan,Braun,1983,USA,,
Jose,Sosa,1952,D.R.,2013,D.R.
Jerry,Hurley,1875,USA,1919,USA
Julio,Gonzalez,1952,P.R.,,
Bill,Carrigan,1883,USA,1969,USA
Darwin,Barney,1985,USA,,
Roger,Craig,1930,USA,,
Nick,Cullop,1887,USA,1961,USA
Charlie,Wilson,1905,USA,1970,USA
Mario,Diaz,1962,P.R.,,
Bob,Schultz,1923,USA,1979,USA
John,Curtis,1948,USA,,
Mark,Johnson,1967,USA,,
Lewis,Smith,1858,USA,1899,USA
Dale,Jones,1918,USA,1980,USA
Mason,Thompson,1998,USA,,
Matt,Watson,1978,USA,,
Marlon,Anderson,1974,USA,,
Dick,Scott,1962,USA,,
Jerry,Hairston,1952,USA,,
Patsy,Flaherty,1876,USA,1968,USA
Marv,Grissom,1918,USA,2005,USA
Ross,Grimsley,1922,USA,1994,USA
Harry,Wilson,1876,USA,1929,USA
Tony,Pena,1981,D.R.,,
Charlie,Robertson,1896,USA,1984,USA
Jim,Morrison,1952,USA,,
Gates,Brown,1939,USA,2013,USA
Brent,Butler,1978,USA,,
Jonathan,Johnson,1974,USA,,
Dutch,Leonard,1909,USA,1983,USA
Edwar,Cabrera,1987,D.R.,,
Barry,Evans,1955,USA,,
Jim,Weaver,1959,USA,,
Scrappy,Carroll,1860,USA,1942,USA
Will,Harridge,1881,USA,1971,USA
Mike,White,1938,USA,,
Fred,Lewis,1858,USA,1945,USA
Lou,Johnson,1869,USA,1941,USA
Bob,Smith,1890,USA,1965,USA
Fred,Thomas,1892,USA,1986,USA
Mike,Grace,1970,USA,,
Dan,Whitmer,1955,USA,,
Kerry,Wood,1977,USA,,
Frank,Chapman,1861,USA,1937,USA
Mark,Williamson,1959,USA,,
Jose,Rondon,1994,Venezuela,,
Jack,Powell,1891,USA,1930,USA
Mark,Davis,1960,USA,,
Jaye,Chapman,1987,USA,,
Jeff,Zimmerman,1972,CAN,,
Eduardo,Escobar,1989,Venezuela,,
Mike,Hart,1951,USA,,
Jason,Miller,1982,USA,,
Ken,Richardson,1915,USA,1987,USA
Roy,Hansen,1898,USA,1977,USA
Joe,Walsh,1864,USA,1911,USA
Erik,Johnson,1989,USA,,
Al,Hall,,USA,1885,USA
Tommy,O'Brien,1918,USA,1978,USA
Julio,Moreno,1921,Cuba,1987,USA
Bill,Smith,1865,USA,1886,CAN
Charlie,Hudson,1949,USA,,
Rankin,Johnson,1917,USA,2005,USA
Billy,Murray,1864,USA,1937,USA
Jose,Alvarez,1989,Venezuela,,
Bob,Thorpe,1926,USA,1996,USA
Burch,Smith,1990,USA,,
Matt,Maloney,1984,USA,,
Jose,Mercedes,1971,D.R.,,
Bill,Webb,1913,USA,1994,USA
Alberto,Arias,1983,D.R.,,
Joe,Mather,1982,USA,,
Jack,Phillips,1921,USA,2009,USA
Jim,Bagby,1916,USA,1988,USA
Iron,Davis,1890,USA,1961,USA
Ray,Wolf,1904,USA,1979,USA
Kevin,Mitchell,1962,USA,,
Rip,Williams,1882,USA,1933,USA
Billy,Wagner,1971,USA,,
Bob,Malloy,1918,USA,2007,USA
Andres,Torres,1978,USA,,
Ripper,Collins,1904,USA,1970,USA
Andrew,Moore,1994,USA,,
Tony,Brewer,1957,USA,,
Albie,Lopez,1971,USA,,
Ollie,Brown,1944,USA,2015,USA
Greg,Smith,1983,USA,,
Mike,Ryan,1977,USA,,
Dave,McKay,1950,CAN,,
Jim,Walkup,1895,USA,1990,USA
Arturo,Lopez,1983,Mexico,,
Ed,Wheeler,1878,USA,1960,USA
Mike,Darr,1956,USA,,
Keith,Johns,1971,USA,,
Johnny,Evers,1881,USA,1947,USA
Bill,Cunningham,1886,USA,1946,USA
Billy,Buckner,1983,USA,,
Len,Gabrielson,1940,USA,,
Mike,Kelly,1970,USA,,
Bob,Locker,1938,USA,,
Cesar,Hernandez,1990,Venezuela,,
Dewey,Robinson,1955,USA,,
Jim,Britt,,,,
Fresco,Thompson,1902,USA,1968,USA
Gary,Cooper,1956,USA,,
Johnny,Mitchell,1894,USA,1965,USA
Mike,Adamson,1947,USA,,
Boss,Schmidt,1880,USA,1932,USA
Joe,Straub,1858,USA,1929,USA
Kevin,Chapman,1988,USA,,
Hector,Perez,1996,D.R.,,
Jason,Thompson,1971,USA,,
William,Brown,1866,USA,1897,USA
Jack,McCarthy,1869,USA,1948,USA
Brooks,Brown,1985,USA,,
Ken,Robinson,1969,USA,1999,USA
Marty,Brown,1963,USA,,
Al,Smith,1907,USA,1977,USA
Bill,Doran,1898,USA,1978,USA
Mike,Hart,1958,USA,,
Pat,Perry,1959,USA,,
Kevin,Brown,1966,USA,,
Bill,Donovan,1916,USA,1997,USA
Hal,Trosky,1936,USA,2012,USA
Lance,McCullers,1993,USA,,
Mark,Brown,1959,USA,,
Alberto,Reyes,1970,D.R.,,
Darron,Cox,1967,USA,,
Alex,Escobar,1978,Venezuela,,
Barney,Martin,1923,USA,1997,USA
Daniel,Hudson,1987,USA,,
King,Kelly,1857,USA,1894,USA
Ed,Lennon,1897,USA,1947,USA
John,Gilbert,1864,USA,1903,USA
Cy,Morgan,1878,USA,1962,USA
Scott,Lewis,1965,USA,,
Josh,Donaldson,1985,USA,,
Bill,Barrett,1900,USA,1951,USA
Bill,James,1892,USA,1971,USA
Roy,Johnson,1895,USA,1986,USA
Charlie,Moran,1878,USA,1949,USA
Hector,Martinez,1939,Cuba,1999,Cuba
George,Williams,1969,USA,,
Joe,Martin,1911,USA,1960,USA
Bob,Valentine,,,,
Tim,Corcoran,1978,USA,,
Kevin,Brown,1973,USA,,
Bill,Murphy,1981,USA,,
Buster,Ross,1903,USA,1982,USA
Jake,Boyd,1874,USA,1932,USA
Jim,Miller,1880,USA,1937,USA
Stan,Williams,1936,USA,2021,USA
Mike,Wilson,1983,USA,,
Alex,Gonzalez,1973,USA,,
Mike,Adams,1978,USA,,
Joey,Jay,1935,USA,,
Elizardo,Ramirez,1983,D.R.,,
Leonidas,Lee,1860,USA,1912,USA
Johnny,O'Brien,1930,USA,,
Jose,Reyes,1983,D.R.,,
Mark,Lee,1964,USA,,
Keegan,Thompson,1995,USA,,
Kerry,Robinson,1973,USA,,
Charley,Jones,1852,USA,1911,USA
Tommy,Brown,1927,USA,,
Ed,Glenn,1875,USA,1911,USA
Billy,Taylor,1855,USA,1900,USA
Ryan,Jackson,1988,USA,,
Pat,Flaherty,1866,USA,1946,USA
Bill,Taylor,1929,USA,2011,USA
Minnie,Mendoza,1933,Cuba,,
Mel,Stottlemyre,1941,USA,2019,USA
Randy,Wolf,1976,USA,,
Frank,Crossin,1891,USA,1965,USA
Tanner,Scott,1994,USA,,
Luis,Perdomo,1984,D.R.,,
Fred,Tenney,1871,USA,1952,USA
Bill,Wagner,1894,USA,1951,USA
Willie,Clark,1870,USA,1932,USA
Pete,Hernandez,1959,D.R.,,
Willie,Adams,1972,USA,,
Jose,Fernandez,1988,Cuba,,
Jack,Boyle,1866,USA,1913,USA
Cam,Hill,1994,USA,,
Jerome,Williams,1981,USA,,
Jim,Brown,1891,USA,1944,USA
Stan,Cliburn,1956,USA,,
Brett,Kennedy,1994,USA,,
Bennie,Daniels,1932,USA,,
Dick,Smith,1944,USA,,
Robert,Foster,1856,USA,1921,USA
Jose,Jimenez,1973,D.R.,,
John,Hall,1924,USA,1995,USA
Greg,Harris,1955,USA,,
Jack,Sanford,1917,USA,2005,USA
Matt,Lawton,1971,USA,,
Stub,Smith,1873,USA,1947,USA
Marquis,Grissom,1967,USA,,
Joe,Williams,1886,USA,1951,USA
Jack,Daniels,1927,USA,2013,USA
Roy,Smalley,1952,USA,,
Roy,Thomas,1874,USA,1959,USA
Patrick,Larkins,1860,USA,1918,USA
Scott,Baker,1981,USA,,
Tony,Perezchica,1966,Mexico,,
Leury,Garcia,1991,D.R.,,
Jake,Thompson,1994,USA,,
Brian,Johnson,1968,USA,,
Lee,Smith,1957,USA,,
Pat,Martin,1894,USA,1949,USA
Boog,Powell,1993,USA,,
Mike,Smith,1963,USA,,
Tom,Long,1890,USA,1972,USA
Roy,Johnson,1959,USA,2009,Mexico
Alex,Gonzalez,1977,Venezuela,,
Freeman,Brown,1845,USA,1916,USA
Danny,Lynch,1926,USA,1978,USA
Jo-Jo,Reyes,1984,USA,,
Willie,Smith,1939,USA,2006,USA
Marc,Hall,1887,USA,1915,USA
John,Grabow,1978,USA,,
John,Burkett,1964,USA,,
Roberto,Mejia,1972,D.R.,,
Johnny,Edwards,1938,USA,,
Paddy,O'Connor,1879,Ireland,1950,USA
Carlos,Pascual,1931,Cuba,2011,USA
Rosario,Rodriguez,1969,Mexico,,
Robert,Ellis,1970,USA,,
Billy,Gleason,1894,USA,1957,USA
Joe,Farrell,1857,USA,1893,USA
Luis,Martinez,1985,USA,,
Bobby,Rothermel,1870,USA,1934,USA
Hank,Thompson,1925,USA,1969,USA
Mike,Garcia,1923,USA,1986,USA
John,O'Rourke,1849,USA,1911,USA
Bruce,Ellingsen,1949,USA,,
Ron,Jackson,1933,USA,2008,USA
Bob,Kline,1909,USA,1987,USA
Billy,Harrell,1928,USA,2014,USA
Matt,Wagner,1972,USA,,
Joe,Klinger,1902,USA,1960,USA
Billy,Murphy,1944,USA,,
Shawn,Green,1972,USA,,
Reggie,Patterson,1958,USA,,
Roberto,Perez,1988,P.R.,,
Harry,Taylor,1919,USA,2000,USA
Danny,Richar,1983,D.R.,,
Charlie,Robinson,1856,USA,1913,USA
Jake,Rogers,1995,USA,,
Stacy,Jones,1967,USA,,
Jake,Wells,1863,USA,1927,USA
Rich,Thompson,1958,USA,,
Johnny,Jones,1892,USA,1980,USA
Jeremiah,Reardon,1868,USA,1907,USA
Jim,Manning,1862,USA,1929,USA
J. D.,Martinez,1987,USA,,
Chris,Carpenter,1985,USA,,
Billy,Johnson,1918,USA,2006,USA
Peter,O'Brien,1990,USA,,
Jimy,Williams,1943,USA,,
Warren,White,1844,USA,1890,USA
Ed,Kennedy,1861,USA,1912,USA
John,O'Donoghue,1939,USA,,
Tony,Martinez,1940,Cuba,1991,USA
John,Martin,1956,USA,,
Josh,Bell,1986,USA,,
Mitch,Keller,1996,USA,,
Johnnie,Chambers,1911,USA,1977,USA
Ricardo,Rodriguez,1992,Venezuela,,
Pat,Kelly,1944,USA,2005,USA
Darren,Clarke,1981,USA,,
Bill,Collins,1882,USA,1961,USA
Jackie,Robinson,1919,USA,1972,USA
John,O'Connell,1872,Ireland,1908,USA
Chief,Wilson,1883,USA,1954,USA
Richie,Scheinblum,1942,USA,2021,USA
Leo,Burke,1934,USA,,
Levi,Meyerle,1849,USA,1921,USA
Denny,Williams,1896,USA,1929,USA
Johnny,Gray,1926,USA,2014,USA
Jorge,De Leon,1987,D.R.,,
Dixie,Howell,1920,USA,1990,USA
Johnny,Hutchings,1916,USA,1963,USA
Jim,O'Rourke,1937,USA,,
Brian,Ellington,1990,USA,,
Jing,Johnson,1894,USA,1950,USA
Ruben,Amaro,1965,USA,,
Bud,Black,1932,USA,2005,USA
Charlie,Reilly,1867,USA,1937,USA
Bob,Miller,1868,USA,1931,USA
Carlos,Diaz,1958,USA,2015,USA
John,Danks,1985,USA,,
Keith,Mitchell,1969,USA,,
Salvador,Perez,1990,Venezuela,,
Mike,Scott,1955,USA,,
Ryan,Thompson,1992,USA,,
Charles,Johnson,1971,USA,,
Andy,Harrington,1888,USA,1938,USA
Steve,Brown,1957,USA,,
Miguel,Gonzalez,1984,Mexico,,
Doug,Camilli,1936,USA,,
Darryl,Hamilton,1964,USA,2015,USA
Charles,Moran,1879,USA,1934,USA
Kenny,Rogers,1964,USA,,
Fred,Smith,1878,USA,1964,USA
Brady,Rodgers,1990,USA,,
Jack,Burns,1878,United Kingdom,1957,USA
Tommy,Hughes,1919,USA,1990,USA
Darrell,Brown,1955,USA,,
Kick,Kelly,1856,USA,1926,USA
Bryn,Smith,1955,USA,,
Bobby,Mitchell,1943,USA,2019,USA
Edwin,Rodriguez,1960,P.R.,,
Fred,Beck,1886,USA,1962,USA
Doug,Rader,1944,USA,,
Joe,Hutcheson,1905,USA,1993,USA
Boardwalk,Brown,1889,USA,1977,USA
Marvin,Freeman,1963,USA,,
Frank,Howard,1936,USA,,
Tony,Phillips,1959,USA,2016,USA
Jeff,Richardson,1963,USA,,
Julius,Willigrod,1857,USA,1906,USA
Jose,Santiago,1974,P.R.,,
Bill,Lee,1909,USA,1977,USA
Dick,Smith,1939,USA,2012,USA
Brandon,Cunniff,1988,USA,,
Sam,White,1893,United Kingdom,1929,USA
Fran,Healy,1946,USA,,
Matt,Whiteside,1967,USA,,
Jose,Fernandez,1993,D.R.,,
Carl,Sadler,1976,USA,,
Mike,Sullivan,1860,USA,1929,USA
Pep,Young,1907,USA,1962,USA
John,Morris,1961,USA,,
Dan,Collins,1853,USA,1883,USA
Ed,Connolly,1939,USA,1998,USA
Chad,Bradford,1974,USA,,
Ramon,Lopez,1933,Cuba,1982,USA
Charlie,Smith,1840,USA,1897,USA
Albie,Pearson,1934,USA,,
Henry,Jones,1860,USA,1922,USA
Eddie,Collins,1916,USA,2000,USA
Mike,Walker,1965,USA,,
Joe,Hicks,1933,USA,,
Jake,Smith,1990,USA,,
George,Wheeler,1869,USA,1946,USA
Miguel,Gonzalez,1983,Cuba,2017,Cuba
Joe,Dwyer,1903,USA,1992,USA
Henry,Rodriguez,1967,D.R.,,
Joe,Gallagher,1914,USA,1998,USA
Lee,Meyer,1888,USA,1968,USA
Roy,White,1943,USA,,
Art,Reinholz,1903,USA,1980,USA
Fred,Rath,1973,USA,,
Carlos,Valdez,1971,D.R.,,
Rudy,Hernandez,1931,D.R.,,
George,Wheeler,1881,USA,1918,USA
Johnny,Murphy,1908,USA,1970,USA
Dontrelle,Willis,1982,USA,,
Erasmo,Ramirez,1976,USA,,
John,Ward,,USA,,
Ted,Abernathy,1933,USA,2004,USA
Jacob,Nix,1996,USA,,
Dalton,Jones,1943,USA,,
Kyle,Waldrop,1991,USA,,
John,Anderson,1929,USA,1998,USA
Jim,Donnelly,1865,USA,1915,USA
Harl,Maggert,1883,USA,1963,USA
Bill,Henderson,1901,USA,1966,USA
Davy,Jones,1880,USA,1972,USA
John,Anderson,1873,Norway,1949,USA
John,Gallagher,1892,USA,1952,USA
Josh,Smith,1987,USA,,
Skinny,Graham,1899,USA,1973,USA
Doc,White,1879,USA,1969,USA
Jack,Barnett,1879,USA,1923,USA
Joe,Ostrowski,1916,USA,2003,USA
Ralph,Caldwell,1884,USA,1969,USA
Chad,Smith,1989,USA,,
Dave,Stapleton,1954,USA,,
Ed,Kennedy,1856,USA,1905,USA
Jack,Taylor,1873,USA,1900,USA
Chief,Johnson,1886,USA,1922,USA
Chris,Smith,1957,USA,,
Alex,Jones,1869,USA,1941,USA
John,McCarty,1867,USA,1942,USA
Dave,Stapleton,1961,USA,,
Billy,Taylor,1961,USA,,
Enrique,Burgos,1990,Panama,,
Darrell,Whitmore,1968,USA,,
Joe,Ward,1884,USA,1934,USA
Tyler,Green,1970,USA,,
Steve,Yerkes,1888,USA,1971,USA
Mike,Ramsey,1954,USA,,
Charlie,Whitehouse,1894,USA,1960,USA
Jeff,Jones,1956,USA,,
Drew,Anderson,1981,USA,,
Leron,Lee,1948,USA,,
Clarence,Jones,1940,USA,,
Michael,McDermott,1864,USA,1947,USA
Joe,Berry,1904,USA,1958,USA
Bill,Lindsey,1960,USA,,
Rosman,Garcia,1979,Venezuela,2011,Venezuela
Dave,Campbell,1942,USA,,
Eric,Young,1985,USA,,
John,Kennedy,1926,USA,1998,USA
Elliot,Johnson,1984,USA,,
Enrique,Burgos,1965,Panama,,
Tom,York,1850,USA,1936,USA
Alex,Ramirez,1974,Venezuela,,
Marc,Sullivan,1958,USA,,
Mace,Brown,1909,USA,2002,USA
Jody,Davis,1956,USA,,
Guilder,Rodriguez,1983,Venezuela,,
Mike,Brumley,1938,USA,2016,USA
Eddie,Miller,1916,USA,1997,USA
Curly,Brown,1888,USA,1968,USA
Ken,Griffey,1950,USA,,
Ben,Meyer,1993,USA,,
John,Kelly,1879,USA,1944,USA
William,Contreras,1997,Venezuela,,
Patrick,Gillespie,1851,USA,1910,USA
Billy,Smith,1953,USA,,
Balor,Moore,1951,USA,,
Fred,Frankhouse,1904,USA,1989,USA
Cliff,Lee,1896,USA,1980,USA
Bill,Hall,1979,USA,,
Jim,Green,1854,USA,1912,USA
Luis,Ortiz,1995,USA,,
Dave,Wright,1875,USA,1946,USA
Jimmy,Anderson,1976,USA,,
Wally,Goldsmith,1848,USA,1915,USA
Luis,Garcia,1975,Mexico,,
Ben,Taylor,1992,USA,,
Brett,Marshall,1990,USA,,
Jay,Franklin,1953,USA,,
Ramon,Garcia,1969,Venezuela,,
Tim,Jones,1962,USA,,
Justin,Miller,1977,USA,2013,USA
Roy,Sanders,1892,USA,1950,USA
Dave,Smith,1957,USA,,
Mike,Davison,1945,USA,2013,USA
Bill,Mueller,1920,USA,2001,USA
Mike,Johnston,1979,USA,,
Jacob,May,1992,USA,,
David,Hernandez,1985,USA,,
Reggie,Williams,1960,USA,,
Mike,Bell,1974,USA,2021,USA
John,Wyatt,1935,USA,1998,USA
Milt,Welch,1924,USA,2019,USA
Jonathan,Diaz,1985,USA,,
Ozzie,Virgil,1932,D.R.,,
Bill,Evans,1919,USA,1983,USA
Chick,Shorten,1892,USA,1965,USA
Joe,McCarthy,1887,USA,1978,USA
Jim,Snyder,1932,USA,2021,USA
George,Staller,1916,USA,1992,USA
Rube,Peters,1885,USA,1965,USA
Brian,Giles,1960,USA,,
Jose,Cruz,1947,P.R.,,
Eddie,Kenna,1897,USA,1972,USA
Ray,Brown,1889,USA,1955,USA
Chief,Youngblood,1900,USA,1968,USA
Frank,Martin,1878,USA,1942,USA
Hal,McClure,1859,USA,1919,USA
Brandy,Davis,1927,USA,2005,USA
Bill,Conroy,1899,USA,1970,USA
Joe,Strauss,1858,USA,1906,USA
Fernando,Hernandez,1971,D.R.,,
Jess,Doyle,1898,USA,1961,USA
Jim,McKeever,1861,CAN,1897,USA
Mark,Smith,1955,USA,,
Jimmy,Williams,1876,USA,1965,USA
Jim,Long,1862,USA,1932,USA
Johnny,Berger,1901,USA,1979,USA
Eddie,Williams,1964,USA,,
Jim,Weaver,1903,USA,1983,USA
Brandon,Barnes,1986,USA,,
Dave,Williams,1880,United Kingdom,1918,USA
Lance,Carter,1974,USA,,
Joe,Simmons,1845,USA,1901,USA
Chris,Davis,1986,USA,,
Rasty,Wright,1895,USA,1948,USA
George,Stone,1876,USA,1945,USA
Javy,Lopez,1970,P.R.,,
Steve,Sparks,1975,USA,,
Cowboy,Jones,1874,USA,1958,USA
Jesse,Baker,1888,USA,1972,USA
Jason,Smith,1977,USA,,
John,Whitehead,1909,USA,1964,USA
Ed,Nunez,1963,P.R.,,
John,Lamb,1946,USA,,
Ed,Whited,1964,USA,,
Tom,Borland,1933,USA,2013,USA
Jim,O'Rourke,1850,USA,1919,USA
Roy,Clark,1874,USA,1925,USA
Paul,Wilson,1973,USA,,
Bobby,Mitchell,1856,USA,1933,USA
Brick,Smith,1959,USA,,
Pablo,Martinez,1969,D.R.,,
Mallex,Smith,1993,USA,,
Victor,Gonzalez,1995,Mexico,,
Bill,Moore,1902,USA,1984,USA
Rich,Thompson,1984,Australia,,
Scrappy,Moore,1892,USA,1964,USA
Matt,Franco,1969,USA,,
Eddie,Smith,1913,USA,1994,USA
Raul,Valdes,1977,Cuba,,
Dan,Murphy,1964,USA,,
Bill,Cunningham,1894,USA,1953,USA
Jerry,Grote,1942,USA,,
Luis,Castillo,1975,D.R.,,
Jakie,May,1895,USA,1970,USA
Johnny,Lucas,1903,USA,1970,USA
Ernie,Johnson,1888,USA,1952,USA
Pepper,Martin,1904,USA,1965,USA
Jamie,Allen,1958,USA,,
Dusty,Miller,1876,USA,1950,USA
Jeremy,Hernandez,1966,USA,,
Joe,Adams,1877,USA,1952,USA
Herman,Young,1886,USA,1966,USA
Gerry,Davis,1958,USA,,
Martin,Malone,,,,
Red,Kelly,1884,USA,1961,USA
Darin,Downs,1984,USA,,
Wallace,Johnson,1956,USA,,
Matt,Miller,1974,USA,,
Danny,Patterson,1971,USA,,
Darrin,Jackson,1963,USA,,
Lane,Thomas,1995,USA,,
Jason,Ryan,1976,USA,,
John,Schulze,1866,USA,1941,USA
Roberto,Clemente,1934,P.R.,1972,P.R.
Bill,James,1887,USA,1942,USA
Kelvin,Marte,1987,D.R.,,
John,Harris,1954,USA,,
Jesus,Sanchez,1974,D.R.,,
Randy,Milligan,1961,USA,,
Bryce,Harper,1992,USA,,
Ron,Jackson,1953,USA,,
Mike,Campbell,1964,USA,,
Jose,Nunez,1979,D.R.,,
Walt,Masters,1907,USA,1992,CAN
Hack,Miller,1894,USA,1971,USA
John,Sullivan,1920,USA,2007,USA
Dan,McGee,1911,USA,1991,USA
Jimmy,Williams,1847,USA,1918,USA
Marty,Perez,1946,USA,,
Milt,Smith,1929,USA,1997,USA
Tom,Hughes,1907,USA,1989,USA
Jose,Valentin,1969,P.R.,,
Tommy,Thompson,1889,USA,1963,USA
Ron,Allen,1943,USA,,
Ron,Jones,1964,USA,2006,USA
Bucky,Harris,1896,USA,1977,USA
Jimmy,O'Rourke,1883,USA,1955,USA
Luis,Garcia,1996,Venezuela,,
Mike,Wilson,1896,USA,1978,USA
John,Jones,1901,USA,1956,USA
Dakota,Hudson,1994,USA,,
John,Henry,1889,USA,1941,USA
George,Dickey,1915,USA,1976,USA
Bill,Harrington,1927,USA,,
Mike,Thompson,1980,USA,,
Charlie,Jackson,1894,USA,1968,USA
Josh,Lucas,1990,USA,,
Pat,Murphy,1958,USA,,
Dar,Smith,1960,USA,,
Alberto,Cabrera,1988,D.R.,,
Frank,Smith,1879,USA,1952,USA
Mike,Jordan,1863,USA,1940,USA
Ron,Stillwell,1939,USA,2016,USA
Jim,Willis,1927,USA,,
Jim,Lewis,1955,USA,,
John,Andrews,1949,USA,,
Andy,Sommers,1865,USA,1908,USA
Pedro,Borbon,1946,D.R.,2012,USA
Jerry,Reed,1955,USA,,
Jim,Hall,,,,
Tommy,Clarke,1888,USA,1945,USA
Bill,Grahame,1883,USA,1936,USA
John,Knight,1885,USA,1965,USA
Rob,Ellis,1950,USA,,
Jim,Campbell,1966,USA,,
Carmen,Hill,1895,USA,1990,USA
Charley,Moore,1884,USA,1970,USA
George,Susce,1930,USA,2010,USA
Steamboat,Williams,1892,USA,1979,USA
Henry,Owens,1979,USA,,
Jerry,Hurley,1863,USA,1950,USA
Mike,Brown,1959,USA,,
Ed,Phillips,1944,USA,2017,USA
Mike,Garcia,1968,USA,,
Chris,Ward,1949,USA,,
Joe,Valentine,1979,USA,,
Charlie,Miller,1892,USA,1972,USA
Bill,Wilson,1867,USA,1924,USA
Tom,Sullivan,1895,USA,1962,USA
Bruce,Robinson,1954,USA,,
Frank,Kellert,1924,USA,1976,USA
Dave,Johnson,1959,USA,,
Ramon,Webster,1942,Panama,,
Brock,Davis,1943,USA,,
Gus,Williams,1870,USA,1890,USA
Reggie,Sanders,1949,USA,2002,USA
Jim,Clark,1887,USA,1969,USA
Matt,West,1988,USA,,
Ramon,Flores,1992,Venezuela,,
Jeff,Weaver,1976,USA,,
Bob,Jones,1889,USA,1964,USA
Deacon,White,1847,USA,1939,USA
George,Snyder,1848,USA,1905,USA
Ralph,Miller,1896,USA,1939,USA
Mike,Edwards,1976,USA,,
Frank,Smith,1857,CAN,1928,USA
Ike,Davis,1895,USA,1984,USA
Cody,Martin,1989,USA,,
Eddie,Fisher,1936,USA,,
Jose,Nunez,1964,D.R.,,
Cloyd,Boyer,1927,USA,2021,USA
Chet,Johnson,1917,USA,1983,USA
Jose,Fernandez,1992,Cuba,2016,USA
Jo-Jo,Morrissey,1904,USA,1950,USA
Anibal,Sanchez,1984,Venezuela,,
Jose,Valdez,1990,D.R.,,
Tony,Castillo,1957,USA,,
Doc,McMahon,1886,USA,1929,USA
Mel,Queen,1942,USA,2011,USA
Matt,Keough,1955,USA,2020,USA
Billy,Martin,1894,USA,1949,USA
Danny,Barnes,1989,USA,,
Joel,Bennett,1970,USA,,
Julian,Fernandez,1995,D.R.,,
Charlie,Snell,1893,USA,1988,USA
Frank,Quinn,1876,USA,1920,USA
Jeriome,Robertson,1977,USA,2010,USA
Steve,Barber,1948,USA,,
Mike,Christopher,1963,USA,,
Dan,Smith,1969,USA,,
Walt,Goldsby,1861,USA,1914,USA
Bradley,Zimmer,1992,USA,,
Walt,Williams,1943,USA,2016,USA
Chub,Sullivan,1856,USA,1881,USA
Carlos,Maldonado,1966,Panama,,
Chris,James,1962,USA,,
Ed,Williamson,1857,USA,1894,USA
Bill,Carrick,1873,USA,1932,USA
Tony,Taylor,1935,Cuba,2020,USA
Joe,Stanley,1881,USA,1967,USA
Oliver,Brown,1849,USA,1932,USA
Sam,Jones,1925,USA,1971,USA
Bill,Hart,1913,USA,1968,USA
Josh,Billings,1907,USA,1983,USA
Chase,Bradford,1989,USA,,
Ryan,Braun,1980,CAN,,
Jose,Martinez,1971,D.R.,,
Alex,Reyes,1994,USA,,
Pedro,Borbon,1967,D.R.,,
Marty,Martinez,1941,Cuba,2007,D.R.
Ivan,de Jesus,1953,P.R.,,
Jack,Farrell,1892,USA,1918,USA
Tom,Gorman,1925,USA,1992,USA
Bob,Thorpe,1935,USA,1960,USA
Paul,Householder,1958,USA,,
Tayron,Guerrero,1991,Colombia,,
Mario,Valdez,1974,Mexico,,
Tom,Sheehan,1894,USA,1982,USA
Joe,Martinez,1983,USA,,
Ron,Cook,1947,USA,,
Chet,Nichols,1931,USA,1995,USA
Dave,Schmidt,1957,USA,,
Mike,Young,1960,USA,,
Keith,Johnson,1971,USA,,
Danny,O'Connell,1929,USA,1969,USA
Tony,Murphy,1859,USA,1915,USA
Gerald,Williams,1966,USA,2022,
John,Clarkson,1861,USA,1909,USA
Ray,Miller,1945,USA,2021,USA
Jahmai,Jones,1997,USA,,
John,Burns,1861,USA,,
Jack,Ryan,1884,USA,1949,USA
Elmer,White,1849,USA,1872,USA
Fred,Tenney,1859,USA,1919,USA
Hal,Rice,1924,USA,1997,USA
Damon,Hollins,1974,USA,,
Eric,Davis,1962,USA,,
Joe,Martina,1889,USA,1962,USA
Mike,Brown,1959,USA,,
Dave,Roberts,1944,USA,2009,USA
Ricardo,Rodriguez,1978,D.R.,,
John,Christensen,1960,USA,,
Jimmy,Jones,1964,USA,,
Randy,Stein,1953,USA,2011,USA
Jarlin,Garcia,1993,D.R.,,
Alex,Pearson,1877,USA,1966,USA
Dixie,Davis,1890,USA,1944,USA
John,Dwyer,,USA,,
Charlie,Fisher,1852,USA,1917,USA
Jordan,Hicks,1996,USA,,
Juan,Perez,1986,D.R.,,
Mike,Fuentes,1958,USA,,
Sam,Bowens,1938,USA,2003,USA
Josiah,Gray,1997,USA,,
Tom,Gorman,1957,USA,,
Mark,Davidson,1961,USA,,
Dave,Hamilton,1947,USA,,
Ham,Allen,1846,USA,1881,USA
Jaime,Schultz,1991,USA,,
Justin,Williams,1995,USA,,
Jim Ray,Hart,1941,USA,2016,USA
John,Peters,1850,USA,1924,USA
Steve,Kline,1947,USA,2018,USA
Marc,Valdes,1971,USA,,
John,Ward,1860,USA,1925,USA
George,Harper,1866,USA,1931,USA
Boyd,Perry,1914,USA,1990,USA
Chris,Jones,1957,USA,,
Frank,Quinn,1927,USA,1993,USA
Vladimir,Guerrero,1975,D.R.,,
Billy,Martin,1928,USA,1989,USA
Ronald,Herrera,1995,Venezuela,,
Milt,Scott,1861,USA,1938,USA
Jose,Barrero,1998,Cuba,,
Sandy,Rosario,1985,D.R.,,
Eddie,Phillips,1901,USA,1968,USA
Jim,Hickman,1937,USA,2016,USA
Tom,Sullivan,1860,USA,1947,USA
Ben,Taylor,1889,USA,1946,USA
Bob,Hall,1923,USA,1983,USA
Billy,Hamilton,1866,USA,1940,USA
Jon,Gray,1991,USA,,
Pedro,Martinez,1968,D.R.,,
Paul,Campbell,1995,USA,,
John,Peters,1893,USA,1932,USA
Jeff,Hoffman,1993,USA,,
Ed,Olivares,1938,P.R.,,
Jayson,Nix,1982,USA,,
Jimmy,Callahan,1874,USA,1934,USA
Dixie,Walker,1888,USA,1965,USA
Earl,Smith,1897,USA,1963,USA
Mike,Bell,1968,USA,,
George,Williams,1939,USA,2009,USA
Tommy,Taylor,1892,USA,1956,USA
Darrell,Miller,1958,USA,,
Mike,Griffin,1865,USA,1908,USA
Chubby,Snyder,1890,USA,1954,USA
Ducky,Holmes,1869,USA,1932,USA
Mike,Welch,1972,USA,,
Juan,Diaz,1988,D.R.,,
Jack,Allen,1855,USA,1915,USA
Harry,Davis,1873,USA,1947,USA
Bobby,Estalella,1911,Cuba,1991,USA
Brady,Anderson,1964,USA,,
Brendan,Rodgers,1996,USA,,
Mickey,Scott,1947,Germany,2011,USA
Rod,Nichols,1964,USA,,
Milt,Jordan,1927,USA,1993,USA
John,Farrell,1962,USA,,
Tom,Gorman,1919,USA,1986,USA
Terry,Jones,1971,USA,,
Archie,Wilson,1923,USA,2007,USA
Pat,Kelly,1955,USA,,
Dan,Murray,1973,USA,,
Bobby,Adams,1921,USA,1997,USA
Frank,Thompson,1895,USA,1940,USA
Daniel,Murphy,1985,USA,,
Sam,Narron,1981,USA,,
Bobby,Kline,1929,USA,2021,USA
Dave,Garcia,1920,USA,2018,USA
Jackie,Hayes,1861,USA,1905,USA
Joe,Johnson,1961,USA,,
Angel,Sanchez,1983,P.R.,,
Miguel,Perez,1983,Venezuela,,
Bud,Thomas,1910,USA,2001,USA
Joe,Morgan,1943,USA,2020,USA
Pat,Maloney,1888,USA,1979,USA
George,Susce,1907,USA,1986,USA
Jim,Hart,1855,USA,1919,USA
Al,Lopez,1908,USA,2005,USA
Joe,Gibbon,1935,USA,2019,USA
Bill,Butler,1858,USA,1895,USA
Connie,Walsh,1882,USA,1953,USA
Fred,House,1890,USA,1923,USA
Chad,Beck,1985,USA,,
Jose,Diaz,1980,D.R.,,
Jack,Sanford,1929,USA,2000,USA
Tom,Hall,1947,USA,,
Henry,Owens,1992,USA,,
John,Lamb,1990,USA,,
Shane,Greene,1988,USA,,
Danny,Boone,1954,USA,,
Roscoe,Miller,1876,USA,1913,USA
Charlie,Sullivan,1903,USA,1935,USA
Frank,Miller,1886,USA,1974,USA
Harold,Ramirez,1994,Colombia,,
Luis,Garcia,1975,D.R.,,
Bill,Southworth,1945,USA,,
Dave,Bartosch,1917,USA,2006,USA
Butch,Davis,1958,USA,,
Addison,Russell,1994,USA,,
Fred,Miller,1886,USA,1953,USA
Jocko,Milligan,1861,USA,1923,USA
Chris,Lindsay,1878,USA,1941,USA
Freddy,Garcia,1972,D.R.,,
Ralph,Milliard,1973,Curacao,,
Jack,Robinson,1880,USA,1921,USA
Bart,Evans,1970,USA,,
Matt,Williams,1971,USA,,
Charlie,Young,1893,USA,1952,USA
Abbie,Johnson,1871,CAN,1960,USA
Sherman,Jones,1935,USA,2007,USA
Jack,Hardy,1877,USA,1921,USA
Don,McMahon,1930,USA,1987,USA
Josh,Billings,1891,USA,1981,USA
Bill,Johnson,1892,USA,1950,USA
John,Gillespie,1862,USA,1926,USA
Heinie,Beckendorf,1884,USA,1949,USA
John,Doherty,1967,USA,,
Cozy,Dolan,1882,USA,1958,USA
Tommy,Cruz,1951,P.R.,,
Bob,Malloy,1964,USA,,
Joe,Kelley,1871,USA,1943,USA
Frank,Baker,1946,USA,,
Bob,Sadowski,1938,USA,2018,USA
Dick,Egan,1884,USA,1947,USA
Ben,Johnson,1931,USA,2020,USA
Chris,McFarland,1861,USA,1918,USA
John,Kenney,1844,USA,1893,USA
Brian,Hunter,1971,USA,,
Joe,McCarthy,1881,USA,1937,USA
Buck,Ross,1915,USA,1978,USA
Jarrett,Parker,1989,USA,,
Ed,Miller,,USA,,
Don,Leppert,1930,USA,2021,USA
Josh,Clarke,1879,USA,1962,USA
Hernan,Perez,1991,Venezuela,,
Johnny,Riddle,1905,USA,1998,USA
Jim,Johnson,1945,USA,1987,USA
Darwinzon,Hernandez,1996,Venezuela,,
Jimmy,Hart,1875,USA,1926,USA
Charlie,Harris,1877,USA,1963,USA
Jon,Edwards,1988,USA,,
Pete,O'Brien,1877,USA,1917,USA
Jim,Clark,1947,USA,2019,USA
Bob,Allen,1937,USA,,
Roland,Howell,1892,USA,1973,USA
John,Coleman,1860,USA,1915,USA
Ed,Murphy,1918,USA,1991,USA
Lefty,Gomez,1908,USA,1989,USA
Danny,Ortiz,1990,P.R.,,
Mickey,Heath,1903,USA,1986,USA
Deacon,Phillippe,1872,USA,1952,USA
Bill,Campbell,1948,USA,,
Fred,Waterman,1845,USA,1899,USA
Ray,Moore,1926,USA,1995,USA
Freddy,Garcia,1976,Venezuela,,
Steve,Ontiveros,1951,USA,,
Earle,Brucker,1901,USA,1981,USA
Tommy,Greene,1967,USA,,
Tom,Griffin,1948,USA,,
Jim,Riley,1886,USA,1949,USA
John,Davis,1963,USA,,
Bill,Henry,1927,USA,2014,USA
Carmelo,Martinez,1960,P.R.,,
Homer,Hillebrand,1879,USA,1974,USA
Damian,Miller,1969,USA,,
Ricky,Jones,1958,USA,,
John,Black,1890,USA,1962,USA
Todd,Pratt,1967,USA,,
Joe,Torre,1940,USA,,
Dariel,Alvarez,1988,Cuba,,
Chuck,Taylor,1942,USA,2018,USA
Devon,White,1962,Jamaica,,
Francisco,Cordero,1975,D.R.,,
Chile,Gomez,1909,Mexico,1992,Mexico
Jim,Johnson,1983,USA,,
Jose,Alvarado,1995,Venezuela,,
Joe,Price,1897,USA,1961,USA
Joe,Pettini,1955,USA,,
Drew,Anderson,1994,USA,,
Jumbo,Diaz,1984,D.R.,,
Matt,Smith,1979,USA,,
Carlos,Hernandez,1975,Venezuela,,
Chih-Wei,Hu,1993,Taiwan,,
Ronny,Cedeno,1983,Venezuela,,
John,Andre,1923,USA,1976,USA
Dave,Howard,1889,USA,1956,USA
Robert,Perez,1969,Venezuela,,
Jose,Hernandez,1969,P.R.,,
Jordan,Zimmerman,1975,CAN,,
Mike,Johnson,1951,USA,,
Mitch,Williams,1964,USA,,
John,Connor,1861,USA,1905,USA
Ed,Smith,1879,USA,1956,USA
Bill,Hall,1928,USA,1986,USA
Lew,Brown,1858,USA,1889,USA
Paul,Gilliford,1945,USA,,
Jeff,Robinson,1961,USA,2014,USA
Fred,Schulte,1901,USA,1983,USA
John,Smith,1906,USA,1982,USA
Jack,Schulte,1881,USA,1975,USA
Joe,McDonald,1888,USA,1963,USA
Javier,Lopez,1977,P.R.,,
Henry,Rodriguez,1990,Venezuela,,
Cliff,Lee,1978,USA,,
Dolph,Camilli,1907,USA,1997,USA
Mike,Jones,1865,CAN,1894,CAN
Bryan,Price,1962,USA,,
Yoel,Hernandez,1980,Venezuela,,
Tom,Browning,1960,USA,,
Ralph,Miller,1873,USA,1973,USA
Boog,Powell,1941,USA,,
Earle,Brucker,1925,USA,2009,USA
John,Donaldson,1943,USA,,
Andres,Machado,1993,Venezuela,,
John,Mullin,1856,USA,1909,USA
Joe,Smith,1984,USA,,
Denny,Sullivan,1858,USA,1925,USA
Joe,Houser,1891,USA,1953,USA
Ed,Lennox,1883,USA,1939,USA
Carmelo,Castillo,1958,D.R.,2015,D.R.
Tom,Jones,1874,USA,1923,USA
Carlos,Martinez,1965,Venezuela,2006,Venezuela
Elmer,Johnson,1884,USA,1966,USA
Jimmie,Hall,1938,USA,,
Fred,Smith,1891,USA,1961,USA
Jack,Reed,1933,USA,,
Billy,Butler,1986,USA,,
Charlie,Blackburn,1895,USA,1984,USA
Taylor,Guerrieri,1992,USA,,
Corbin,Martin,1995,USA,,
Charlie,Johnson,1885,USA,1940,USA
Happy,Finneran,1890,USA,1942,USA
Carr,Smith,1901,USA,1989,USA
Jim,McDonnell,1922,USA,1993,USA
David,Fletcher,1994,USA,,
Jose,Santiago,1940,P.R.,,
Tony,Johnson,1956,USA,,
Germany,Smith,1859,USA,1927,USA
Joe,Jimenez,1995,P.R.,,
Randy,Brown,1943,USA,1998,USA
Johnny,Grabowski,1900,USA,1946,USA
Terry,Kennedy,1956,USA,,
Fred,Howard,1956,USA,,
Wade,Miller,1976,USA,,
Bob,Davis,1952,USA,,
Dennis,Driscoll,1862,USA,1901,USA
Jack,Fox,1880,USA,1923,USA
Luis,Gonzalez,1967,USA,,
Buz,Phillips,1904,USA,1964,USA
John,Carden,1921,USA,1949,USA
Rosell,Herrera,1992,D.R.,,
Doc,Miller,1883,CAN,1938,USA
Edgar,Smith,1862,USA,1892,USA
Chito,Martinez,1965,Belize,,
Chris,George,1979,USA,,
Joe,Connor,1874,USA,1957,USA
Jim,Grant,1894,USA,1985,USA
Barry,Moore,1943,USA,,
Colin,Walsh,1989,USA,,
Cherokee,Fisher,1844,USA,1912,USA
Mark,Clark,1968,USA,,
Johnnie,Williams,1889,USA,1963,USA
Duane,Richards,1936,USA,,
Tony,Armas,1978,Venezuela,,
Augie,Walsh,1904,USA,1985,USA
Mike,Chris,1957,USA,,
Bill,Swift,1908,USA,1969,USA
Chuck,Ward,1894,USA,1969,USA
Chink,Zachary,1914,USA,2006,USA
Manny,Alexander,1971,D.R.,,
Warren,Hacker,1924,USA,2002,USA
Rich,Robertson,1944,USA,,
Marty,Barrett,1958,USA,,
Fred,Johnson,1894,USA,1973,USA
John,Davis,1915,USA,2002,USA
Dave,May,1943,USA,2012,USA
Chris,Martin,1986,USA,,
Harry,McCluskey,1892,USA,1962,USA
Marco,Gonzales,1992,USA,,
Bill,McCarthy,1886,USA,1928,USA
Les,Burke,1902,USA,1975,USA
Paul,Campbell,1917,USA,2006,USA
Jay,Powell,1972,USA,,
Tom,Murphy,1991,USA,,
Jake,Reed,1992,USA,,
Brad,Snyder,1982,USA,,
Jerry,Browne,1966,V.I.,,
Dwight,Smith,1963,USA,,
Ross,Reynolds,1887,USA,1970,USA
Chris,George,1966,USA,,
Austin,Walsh,1891,USA,1955,USA
Harry,Anderson,1931,USA,1998,USA
Frankie,Kelleher,1916,USA,1979,USA
Fred,Osborn,1883,USA,1954,USA
Bill,Cox,1913,USA,1988,USA
Joe,Hudson,1970,USA,,
Ron,Clark,1943,USA,,
Reggie,Smith,1945,USA,,
Derrick,Robinson,1987,USA,,
Joe,Gilbert,1952,USA,,
Chauncey,Fisher,1872,USA,1939,USA
Mack,Jones,1938,USA,2004,USA
Bill,Bishop,1900,USA,1956,USA
Dick,Davis,1953,USA,,
Mickey,Brantley,1961,USA,,
Edgar,Diaz,1964,P.R.,,
Bill,Moore,1960,USA,,
Dan,Meyer,1952,USA,,
John,Kelleher,1893,USA,1960,USA
Joe,Becker,1908,USA,1998,USA
Jose,Fernandez,1974,D.R.,,
Jack,Boyle,1889,USA,1971,USA
Tim,Raines,1979,USA,,
Orth,Collins,1880,USA,1949,USA
Bucky,Jacobsen,1975,USA,,
Bill,Phillips,1868,USA,1941,USA
Ricky,Jordan,1965,USA,,
Josh,Hamilton,1981,USA,,
Danny,Mahoney,1888,USA,1960,USA
John,Barrett,,USA,,
Ron,Johnson,1956,USA,2021,USA
Steve,Lombardozzi,1960,USA,,
Parke,Wilson,1867,USA,1934,USA
David,Howard,1967,USA,,
Dan,Long,1867,USA,1929,USA
Jack,Harper,1878,USA,1950,USA
Bob,Clark,1863,USA,1919,USA
Joe,Wyatt,1900,USA,1970,USA
Jeremy,Walker,1995,USA,,
Joel,Johnston,1967,USA,,
Dale,Murray,1950,USA,,
Dan,Wright,1977,USA,,
Charlie,White,1927,USA,1998,USA
Tom,Johnson,1951,USA,,
Del,Young,1885,USA,1959,USA
Jim,Nelson,1947,USA,2004,USA
Doug,Johns,1967,USA,,
Lastings,Milledge,1985,USA,,
Jack,Hardy,1959,USA,,
Jake,Miller,1898,USA,1975,USA
Joe,Abreu,1913,USA,1993,USA
Ray,Steineder,1894,USA,1982,USA
Christian,Garcia,1985,USA,,
David,Robertson,1985,USA,,
Mike,Marshall,1960,USA,,
John,Young,1949,USA,2016,USA
Dwight,Smith,1992,USA,,
Chico,Ruiz,1951,P.R.,,
Chris,Howard,1965,USA,,
Joel,Guzman,1984,D.R.,,
John,Callahan,1874,USA,1954,USA
Charlie,James,1937,USA,,
Doug,Smith,1892,USA,1973,USA
Stan,Partenheimer,1922,USA,1989,USA
Jayhawk,Owens,1969,USA,,
Walt,Masterson,1920,USA,2008,USA
Javier,Martinez,1977,P.R.,,
Willie,Smith,1967,USA,,
Jose,Castillo,1996,Venezuela,,
Royle,Stillman,1951,USA,,
Ronn,Reynolds,1958,USA,,
Tom,Long,1898,USA,1973,USA
George,Wright,1958,USA,,
Clete,Thomas,1983,USA,,
Tommy,Connolly,1870,United Kingdom,1961,USA
Tom,Foley,1959,USA,,
Jeff,Heathcock,1959,USA,,
Milt,Reed,1890,USA,1938,USA
Joe,Burke,1867,USA,1940,USA
Paul,Clemens,1988,USA,,
Bob,Harris,1915,USA,1989,USA
Bill,Hughes,1896,USA,1963,USA
Jose,De Leon,1992,P.R.,,
Jim,Robertson,1928,USA,2015,USA
Dave,Murphy,1876,USA,1940,USA
Daryl,Patterson,1943,USA,,
Bill,Hall,1894,USA,1947,USA
Mike,Jackson,1946,USA,,
Hank,Morrison,1866,USA,1927,USA
Jose,Rojas,1993,USA,,
Fred,Chapman,1916,USA,1997,USA
George,Dickerson,1892,USA,1938,USA
Bobo,Osborne,1935,USA,2011,USA
Torii,Hunter,1975,USA,,
Andrew,Young,1994,USA,,
John,Campbell,1907,USA,1995,USA